<?xml version="1.0" encoding="UTF-8"?>
<stations lastUpdate="1478026639000" version="2.0">
  <station>
    <id>7000</id>
    <name>Ft. York / Capreol Crt.</name>
    <terminalName/>
    <lastCommWithServer>1478026446000</lastCommWithServer>
    <lat>43.639832</lat>
    <long>-79.395954</long>
    <installed>true</installed>
    <locked>false</locked>
    <installDate/>
    <removalDate/>
    <temporary>false</temporary>
    <public>true</public>
    <nbBikes>1</nbBikes>
    <nbEmptyDocks>30</nbEmptyDocks>
    <latestUpdateTime/>
  </station>
  <station>
    <id>7001</id>
    <name>Lower Jarvis St / The Esplanade</name>
    <terminalName/>
    <lastCommWithServer>1478026544000</lastCommWithServer>
    <lat>43.647992</lat>
    <long>-79.370907</long>
    <installed>true</installed>
    <locked>false</locked>
    <installDate/>
    <removalDate/>
    <temporary>false</temporary>
    <public>true</public>
    <nbBikes>12</nbBikes>
    <nbEmptyDocks>3</nbEmptyDocks>
    <latestUpdateTime/>
  </station>
  <station>
    <id>7002</id>
    <name>St George St / Bloor St W</name>
    <terminalName/>
    <lastCommWithServer>1478026612000</lastCommWithServer>
    <lat>43.667333</lat>
    <long>-79.399429</long>
    <installed>true</installed>
    <locked>false</locked>
    <installDate/>
    <removalDate/>
    <temporary>false</temporary>
    <public>true</public>
    <nbBikes>4</nbBikes>
    <nbEmptyDocks>15</nbEmptyDocks>
    <latestUpdateTime/>
  </station>
  <station>
    <id>7003</id>
    <name>Madison Ave / Bloor St W</name>
    <terminalName/>
    <lastCommWithServer>1478026451000</lastCommWithServer>
    <lat>43.667158</lat>
    <long>-79.402761</long>
    <installed>true</installed>
    <locked>false</locked>
    <installDate/>
    <removalDate/>
    <temporary>false</temporary>
    <public>true</public>
    <nbBikes>1</nbBikes>
    <nbEmptyDocks>14</nbEmptyDocks>
    <latestUpdateTime/>
  </station>
  <station>
    <id>7004</id>
    <name>University Ave / Elm St</name>
    <terminalName/>
    <lastCommWithServer>1478026450000</lastCommWithServer>
    <lat>43.656518</lat>
    <long>-79.389099</long>
    <installed>true</installed>
    <locked>false</locked>
    <installDate/>
    <removalDate/>
    <temporary>false</temporary>
    <public>true</public>
    <nbBikes>2</nbBikes>
    <nbEmptyDocks>9</nbEmptyDocks>
    <latestUpdateTime/>
  </station>
  <station>
    <id>7005</id>
    <name>University Ave / King St W</name>
    <terminalName/>
    <lastCommWithServer>1478026634000</lastCommWithServer>
    <lat>43.648093</lat>
    <long>-79.384749</long>
    <installed>true</installed>
    <locked>false</locked>
    <installDate/>
    <removalDate/>
    <temporary>false</temporary>
    <public>true</public>
    <nbBikes>13</nbBikes>
    <nbEmptyDocks>4</nbEmptyDocks>
    <latestUpdateTime/>
  </station>
  <station>
    <id>7006</id>
    <name>Bay St / College St</name>
    <terminalName/>
    <lastCommWithServer>1478026476000</lastCommWithServer>
    <lat>43.66009</lat>
    <long>-79.385653</long>
    <installed>true</installed>
    <locked>false</locked>
    <installDate/>
    <removalDate/>
    <temporary>false</temporary>
    <public>true</public>
    <nbBikes>5</nbBikes>
    <nbEmptyDocks>5</nbEmptyDocks>
    <latestUpdateTime/>
  </station>
  <station>
    <id>7007</id>
    <name>College St / Huron St</name>
    <terminalName/>
    <lastCommWithServer>1478026521000</lastCommWithServer>
    <lat>43.658148</lat>
    <long>-79.398167</long>
    <installed>true</installed>
    <locked>false</locked>
    <installDate/>
    <removalDate/>
    <temporary>false</temporary>
    <public>true</public>
    <nbBikes>6</nbBikes>
    <nbEmptyDocks>5</nbEmptyDocks>
    <latestUpdateTime/>
  </station>
  <station>
    <id>7008</id>
    <name>Wellesley/Queen's Park</name>
    <terminalName/>
    <lastCommWithServer>1478026388000</lastCommWithServer>
    <lat>43.663376</lat>
    <long>-79.392125</long>
    <installed>true</installed>
    <locked>false</locked>
    <installDate/>
    <removalDate/>
    <temporary>false</temporary>
    <public>true</public>
    <nbBikes>13</nbBikes>
    <nbEmptyDocks>6</nbEmptyDocks>
    <latestUpdateTime/>
  </station>
  <station>
    <id>7009</id>
    <name>King St E / Jarvis St</name>
    <terminalName/>
    <lastCommWithServer>1478026444000</lastCommWithServer>
    <lat>43.650325</lat>
    <long>-79.372287</long>
    <installed>true</installed>
    <locked>false</locked>
    <installDate/>
    <removalDate/>
    <temporary>false</temporary>
    <public>true</public>
    <nbBikes>5</nbBikes>
    <nbEmptyDocks>6</nbEmptyDocks>
    <latestUpdateTime/>
  </station>
  <station>
    <id>7010</id>
    <name>King St W / Spadina Ave</name>
    <terminalName/>
    <lastCommWithServer>1478026624000</lastCommWithServer>
    <lat>43.645323</lat>
    <long>-79.395003</long>
    <installed>true</installed>
    <locked>false</locked>
    <installDate/>
    <removalDate/>
    <temporary>false</temporary>
    <public>true</public>
    <nbBikes>7</nbBikes>
    <nbEmptyDocks>12</nbEmptyDocks>
    <latestUpdateTime/>
  </station>
  <station>
    <id>7011</id>
    <name>Wellington St / Portland St</name>
    <terminalName/>
    <lastCommWithServer>1478026379000</lastCommWithServer>
    <lat>43.642982</lat>
    <long>-79.399256</long>
    <installed>true</installed>
    <locked>false</locked>
    <installDate/>
    <removalDate/>
    <temporary>false</temporary>
    <public>true</public>
    <nbBikes>7</nbBikes>
    <nbEmptyDocks>4</nbEmptyDocks>
    <latestUpdateTime/>
  </station>
  <station>
    <id>7012</id>
    <name>Elizabeth St / Edward St</name>
    <terminalName/>
    <lastCommWithServer>1478026452000</lastCommWithServer>
    <lat>43.656152</lat>
    <long>-79.385225</long>
    <installed>true</installed>
    <locked>false</locked>
    <installDate/>
    <removalDate/>
    <temporary>false</temporary>
    <public>true</public>
    <nbBikes>6</nbBikes>
    <nbEmptyDocks>9</nbEmptyDocks>
    <latestUpdateTime/>
  </station>
  <station>
    <id>7013</id>
    <name>Scott St / The Esplanade</name>
    <terminalName/>
    <lastCommWithServer>1478026566000</lastCommWithServer>
    <lat>43.64656</lat>
    <long>-79.375274</long>
    <installed>true</installed>
    <locked>false</locked>
    <installDate/>
    <removalDate/>
    <temporary>false</temporary>
    <public>true</public>
    <nbBikes>15</nbBikes>
    <nbEmptyDocks>3</nbEmptyDocks>
    <latestUpdateTime/>
  </station>
  <station>
    <id>7014</id>
    <name>Sherbourne / Carlton (Allan Gardens)</name>
    <terminalName/>
    <lastCommWithServer>1478026429000</lastCommWithServer>
    <lat>43.663102</lat>
    <long>-79.373181</long>
    <installed>true</installed>
    <locked>false</locked>
    <installDate/>
    <removalDate/>
    <temporary>false</temporary>
    <public>true</public>
    <nbBikes>5</nbBikes>
    <nbEmptyDocks>12</nbEmptyDocks>
    <latestUpdateTime/>
  </station>
  <station>
    <id>7015</id>
    <name>King St W / Bay St</name>
    <terminalName/>
    <lastCommWithServer>1478026469000</lastCommWithServer>
    <lat>43.64852</lat>
    <long>-79.380576</long>
    <installed>true</installed>
    <locked>false</locked>
    <installDate/>
    <removalDate/>
    <temporary>false</temporary>
    <public>true</public>
    <nbBikes>21</nbBikes>
    <nbEmptyDocks>1</nbEmptyDocks>
    <latestUpdateTime/>
  </station>
  <station>
    <id>7016</id>
    <name>Ferry Ramp / Queens Quay W</name>
    <terminalName/>
    <lastCommWithServer>1478026536000</lastCommWithServer>
    <lat>43.640823</lat>
    <long>-79.376265</long>
    <installed>true</installed>
    <locked>false</locked>
    <installDate/>
    <removalDate/>
    <temporary>false</temporary>
    <public>true</public>
    <nbBikes>18</nbBikes>
    <nbEmptyDocks>5</nbEmptyDocks>
    <latestUpdateTime/>
  </station>
  <station>
    <id>7017</id>
    <name>Widmer St / Adelaide St </name>
    <terminalName/>
    <lastCommWithServer>1478026422000</lastCommWithServer>
    <lat>43.647145</lat>
    <long>-79.391479</long>
    <installed>true</installed>
    <locked>false</locked>
    <installDate/>
    <removalDate/>
    <temporary>false</temporary>
    <public>true</public>
    <nbBikes>10</nbBikes>
    <nbEmptyDocks>8</nbEmptyDocks>
    <latestUpdateTime/>
  </station>
  <station>
    <id>7018</id>
    <name>Bremner Blvd / Rees St</name>
    <terminalName/>
    <lastCommWithServer>1478026369000</lastCommWithServer>
    <lat>43.641529</lat>
    <long>-79.386741</long>
    <installed>true</installed>
    <locked>false</locked>
    <installDate/>
    <removalDate/>
    <temporary>false</temporary>
    <public>true</public>
    <nbBikes>3</nbBikes>
    <nbEmptyDocks>12</nbEmptyDocks>
    <latestUpdateTime/>
  </station>
  <station>
    <id>7019</id>
    <name>Temperance St / Yonge St</name>
    <terminalName/>
    <lastCommWithServer>1478026637000</lastCommWithServer>
    <lat>43.650855</lat>
    <long>-79.379492</long>
    <installed>true</installed>
    <locked>false</locked>
    <installDate/>
    <removalDate/>
    <temporary>false</temporary>
    <public>true</public>
    <nbBikes>19</nbBikes>
    <nbEmptyDocks>8</nbEmptyDocks>
    <latestUpdateTime/>
  </station>
  <station>
    <id>7020</id>
    <name>Phoebe St / Spadina Ave</name>
    <terminalName/>
    <lastCommWithServer>1478026402000</lastCommWithServer>
    <lat>43.650033</lat>
    <long>-79.396555</long>
    <installed>true</installed>
    <locked>false</locked>
    <installDate/>
    <removalDate/>
    <temporary>false</temporary>
    <public>true</public>
    <nbBikes>19</nbBikes>
    <nbEmptyDocks>13</nbEmptyDocks>
    <latestUpdateTime/>
  </station>
  <station>
    <id>7021</id>
    <name>Bay St / Albert St</name>
    <terminalName/>
    <lastCommWithServer>1478026414000</lastCommWithServer>
    <lat>43.653264</lat>
    <long>-79.382458</long>
    <installed>true</installed>
    <locked>false</locked>
    <installDate/>
    <removalDate/>
    <temporary>false</temporary>
    <public>true</public>
    <nbBikes>22</nbBikes>
    <nbEmptyDocks>8</nbEmptyDocks>
    <latestUpdateTime/>
  </station>
  <station>
    <id>7022</id>
    <name>Simcoe St / Queen St W</name>
    <terminalName/>
    <lastCommWithServer>1478026409000</lastCommWithServer>
    <lat>43.650858</lat>
    <long>-79.387582</long>
    <installed>true</installed>
    <locked>false</locked>
    <installDate/>
    <removalDate/>
    <temporary>false</temporary>
    <public>true</public>
    <nbBikes>7</nbBikes>
    <nbEmptyDocks>20</nbEmptyDocks>
    <latestUpdateTime/>
  </station>
  <station>
    <id>7023</id>
    <name>College St / Borden St</name>
    <terminalName/>
    <lastCommWithServer>1478026561000</lastCommWithServer>
    <lat>43.6571</lat>
    <long>-79.4056</long>
    <installed>true</installed>
    <locked>false</locked>
    <installDate/>
    <removalDate/>
    <temporary>false</temporary>
    <public>true</public>
    <nbBikes>3</nbBikes>
    <nbEmptyDocks>8</nbEmptyDocks>
    <latestUpdateTime/>
  </station>
  <station>
    <id>7024</id>
    <name>Church St/ Monteith St (Barbara Hall Park)</name>
    <terminalName/>
    <lastCommWithServer>1478026616000</lastCommWithServer>
    <lat>43.666814</lat>
    <long>-79.381385</long>
    <installed>true</installed>
    <locked>false</locked>
    <installDate/>
    <removalDate/>
    <temporary>false</temporary>
    <public>true</public>
    <nbBikes>0</nbBikes>
    <nbEmptyDocks>11</nbEmptyDocks>
    <latestUpdateTime/>
  </station>
  <station>
    <id>7025</id>
    <name>Ted Rogers Way</name>
    <terminalName/>
    <lastCommWithServer>1478026562000</lastCommWithServer>
    <lat>43.671293</lat>
    <long>-79.380471</long>
    <installed>true</installed>
    <locked>false</locked>
    <installDate/>
    <removalDate/>
    <temporary>false</temporary>
    <public>true</public>
    <nbBikes>9</nbBikes>
    <nbEmptyDocks>16</nbEmptyDocks>
    <latestUpdateTime/>
  </station>
  <station>
    <id>7026</id>
    <name>Bay St / St. Joseph St</name>
    <terminalName/>
    <lastCommWithServer>1478026599000</lastCommWithServer>
    <lat>43.665527</lat>
    <long>-79.387499</long>
    <installed>true</installed>
    <locked>false</locked>
    <installDate/>
    <removalDate/>
    <temporary>false</temporary>
    <public>true</public>
    <nbBikes>1</nbBikes>
    <nbEmptyDocks>9</nbEmptyDocks>
    <latestUpdateTime/>
  </station>
  <station>
    <id>7027</id>
    <name>Beverly  St / Dundas St W</name>
    <terminalName/>
    <lastCommWithServer>1478026632000</lastCommWithServer>
    <lat>43.652823</lat>
    <long>-79.393388</long>
    <installed>true</installed>
    <locked>false</locked>
    <installDate/>
    <removalDate/>
    <temporary>false</temporary>
    <public>true</public>
    <nbBikes>8</nbBikes>
    <nbEmptyDocks>15</nbEmptyDocks>
    <latestUpdateTime/>
  </station>
  <station>
    <id>7028</id>
    <name>Gould St / Mutual St</name>
    <terminalName/>
    <lastCommWithServer>1478026585000</lastCommWithServer>
    <lat>43.6582</lat>
    <long>-79.3768</long>
    <installed>true</installed>
    <locked>false</locked>
    <installDate/>
    <removalDate/>
    <temporary>false</temporary>
    <public>true</public>
    <nbBikes>13</nbBikes>
    <nbEmptyDocks>18</nbEmptyDocks>
    <latestUpdateTime/>
  </station>
  <station>
    <id>7029</id>
    <name>Bay St / Bloor St W</name>
    <terminalName/>
    <lastCommWithServer>1478026411000</lastCommWithServer>
    <lat>43.669429</lat>
    <long>-79.389326</long>
    <installed>true</installed>
    <locked>false</locked>
    <installDate/>
    <removalDate/>
    <temporary>false</temporary>
    <public>true</public>
    <nbBikes>2</nbBikes>
    <nbEmptyDocks>9</nbEmptyDocks>
    <latestUpdateTime/>
  </station>
  <station>
    <id>7030</id>
    <name>Bay St / Wellesley St W</name>
    <terminalName/>
    <lastCommWithServer>1478026469000</lastCommWithServer>
    <lat>43.664088</lat>
    <long>-79.387095</long>
    <installed>true</installed>
    <locked>false</locked>
    <installDate/>
    <removalDate/>
    <temporary>false</temporary>
    <public>true</public>
    <nbBikes>7</nbBikes>
    <nbEmptyDocks>28</nbEmptyDocks>
    <latestUpdateTime/>
  </station>
  <station>
    <id>7031</id>
    <name>Jarvis St / Isabella St</name>
    <terminalName/>
    <lastCommWithServer>1478026571000</lastCommWithServer>
    <lat>43.669192</lat>
    <long>-79.379128</long>
    <installed>true</installed>
    <locked>false</locked>
    <installDate/>
    <removalDate/>
    <temporary>false</temporary>
    <public>true</public>
    <nbBikes>5</nbBikes>
    <nbEmptyDocks>18</nbEmptyDocks>
    <latestUpdateTime/>
  </station>
  <station>
    <id>7032</id>
    <name>Augusta Ave / Dundas St W</name>
    <terminalName/>
    <lastCommWithServer>1478026620000</lastCommWithServer>
    <lat>43.652473</lat>
    <long>-79.401456</long>
    <installed>true</installed>
    <locked>false</locked>
    <installDate/>
    <removalDate/>
    <temporary>false</temporary>
    <public>true</public>
    <nbBikes>5</nbBikes>
    <nbEmptyDocks>10</nbEmptyDocks>
    <latestUpdateTime/>
  </station>
  <station>
    <id>7033</id>
    <name>Union Station</name>
    <terminalName/>
    <lastCommWithServer>1478026408000</lastCommWithServer>
    <lat>43.645566</lat>
    <long>-79.379438</long>
    <installed>true</installed>
    <locked>false</locked>
    <installDate/>
    <removalDate/>
    <temporary>false</temporary>
    <public>true</public>
    <nbBikes>5</nbBikes>
    <nbEmptyDocks>21</nbEmptyDocks>
    <latestUpdateTime/>
  </station>
  <station>
    <id>7034</id>
    <name>Church St / Bloor St E</name>
    <terminalName/>
    <lastCommWithServer>1478026555000</lastCommWithServer>
    <lat>43.671389</lat>
    <long>-79.382919</long>
    <installed>true</installed>
    <locked>false</locked>
    <installDate/>
    <removalDate/>
    <temporary>false</temporary>
    <public>true</public>
    <nbBikes>0</nbBikes>
    <nbEmptyDocks>15</nbEmptyDocks>
    <latestUpdateTime/>
  </station>
  <station>
    <id>7035</id>
    <name>Queen St / Ossington Ave</name>
    <terminalName/>
    <lastCommWithServer>1478026436000</lastCommWithServer>
    <lat>43.643975</lat>
    <long>-79.419576</long>
    <installed>true</installed>
    <locked>false</locked>
    <installDate/>
    <removalDate/>
    <temporary>false</temporary>
    <public>true</public>
    <nbBikes>10</nbBikes>
    <nbEmptyDocks>13</nbEmptyDocks>
    <latestUpdateTime/>
  </station>
  <station>
    <id>7036</id>
    <name>Trinity St/ Front St E</name>
    <terminalName/>
    <lastCommWithServer>1478026435000</lastCommWithServer>
    <lat>43.651318</lat>
    <long>-79.36023</long>
    <installed>true</installed>
    <locked>false</locked>
    <installDate/>
    <removalDate/>
    <temporary>false</temporary>
    <public>true</public>
    <nbBikes>4</nbBikes>
    <nbEmptyDocks>7</nbEmptyDocks>
    <latestUpdateTime/>
  </station>
  <station>
    <id>7037</id>
    <name>Bathurst St / Dundas St</name>
    <terminalName/>
    <lastCommWithServer>1478026402000</lastCommWithServer>
    <lat>43.6523</lat>
    <long>-79.4058</long>
    <installed>true</installed>
    <locked>false</locked>
    <installDate/>
    <removalDate/>
    <temporary>false</temporary>
    <public>true</public>
    <nbBikes>3</nbBikes>
    <nbEmptyDocks>16</nbEmptyDocks>
    <latestUpdateTime/>
  </station>
  <station>
    <id>7038</id>
    <name>Dundas St / Yonge St</name>
    <terminalName/>
    <lastCommWithServer>1478026414000</lastCommWithServer>
    <lat>43.656094</lat>
    <long>-79.381484</long>
    <installed>true</installed>
    <locked>false</locked>
    <installDate/>
    <removalDate/>
    <temporary>false</temporary>
    <public>true</public>
    <nbBikes>6</nbBikes>
    <nbEmptyDocks>8</nbEmptyDocks>
    <latestUpdateTime/>
  </station>
  <station>
    <id>7039</id>
    <name>Simcoe St / Dundas St W</name>
    <terminalName/>
    <lastCommWithServer>1478026638000</lastCommWithServer>
    <lat>43.653743</lat>
    <long>-79.38882</long>
    <installed>true</installed>
    <locked>false</locked>
    <installDate/>
    <removalDate/>
    <temporary>false</temporary>
    <public>true</public>
    <nbBikes>22</nbBikes>
    <nbEmptyDocks>5</nbEmptyDocks>
    <latestUpdateTime/>
  </station>
  <station>
    <id>7040</id>
    <name>Euclid Ave / Bloor St.</name>
    <terminalName/>
    <lastCommWithServer>1478026459000</lastCommWithServer>
    <lat>43.6643</lat>
    <long>-79.415</long>
    <installed>true</installed>
    <locked>false</locked>
    <installDate/>
    <removalDate/>
    <temporary>false</temporary>
    <public>true</public>
    <nbBikes>1</nbBikes>
    <nbEmptyDocks>18</nbEmptyDocks>
    <latestUpdateTime/>
  </station>
  <station>
    <id>7041</id>
    <name>Edward St / Yonge St</name>
    <terminalName/>
    <lastCommWithServer>1478026389000</lastCommWithServer>
    <lat>43.656729</lat>
    <long>-79.382736</long>
    <installed>true</installed>
    <locked>false</locked>
    <installDate/>
    <removalDate/>
    <temporary>false</temporary>
    <public>true</public>
    <nbBikes>7</nbBikes>
    <nbEmptyDocks>15</nbEmptyDocks>
    <latestUpdateTime/>
  </station>
  <station>
    <id>7042</id>
    <name>Sherbourne St / Wellesley St</name>
    <terminalName/>
    <lastCommWithServer>1478026587000</lastCommWithServer>
    <lat>43.6673</lat>
    <long>-79.374</long>
    <installed>true</installed>
    <locked>false</locked>
    <installDate/>
    <removalDate/>
    <temporary>false</temporary>
    <public>true</public>
    <nbBikes>8</nbBikes>
    <nbEmptyDocks>25</nbEmptyDocks>
    <latestUpdateTime/>
  </station>
  <station>
    <id>7043</id>
    <name>Queens Quay / Lower Simcoe</name>
    <terminalName/>
    <lastCommWithServer>1478026382000</lastCommWithServer>
    <lat>43.63951</lat>
    <long>-79.383717</long>
    <installed>true</installed>
    <locked>false</locked>
    <installDate/>
    <removalDate/>
    <temporary>false</temporary>
    <public>true</public>
    <nbBikes>12</nbBikes>
    <nbEmptyDocks>7</nbEmptyDocks>
    <latestUpdateTime/>
  </station>
  <station>
    <id>7044</id>
    <name>Church St / Alexander St</name>
    <terminalName/>
    <lastCommWithServer>1478026440000</lastCommWithServer>
    <lat>43.6636</lat>
    <long>-79.3806</long>
    <installed>true</installed>
    <locked>false</locked>
    <installDate/>
    <removalDate/>
    <temporary>false</temporary>
    <public>true</public>
    <nbBikes>7</nbBikes>
    <nbEmptyDocks>8</nbEmptyDocks>
    <latestUpdateTime/>
  </station>
  <station>
    <id>7045</id>
    <name>Bond St / Queen St E</name>
    <terminalName/>
    <lastCommWithServer>1478026491000</lastCommWithServer>
    <lat>43.653236</lat>
    <long>-79.376716</long>
    <installed>true</installed>
    <locked>false</locked>
    <installDate/>
    <removalDate/>
    <temporary>false</temporary>
    <public>true</public>
    <nbBikes>7</nbBikes>
    <nbEmptyDocks>4</nbEmptyDocks>
    <latestUpdateTime/>
  </station>
  <station>
    <id>7046</id>
    <name>Niagara St. / Richmond St. W.</name>
    <terminalName/>
    <lastCommWithServer>1478026407000</lastCommWithServer>
    <lat>43.64534</lat>
    <long>-79.409597</long>
    <installed>true</installed>
    <locked>false</locked>
    <installDate/>
    <removalDate/>
    <temporary>false</temporary>
    <public>true</public>
    <nbBikes>7</nbBikes>
    <nbEmptyDocks>8</nbEmptyDocks>
    <latestUpdateTime/>
  </station>
  <station>
    <id>7047</id>
    <name>University Ave / Gerrard St W</name>
    <terminalName/>
    <lastCommWithServer>1478026488000</lastCommWithServer>
    <lat>43.657763</lat>
    <long>-79.389165</long>
    <installed>true</installed>
    <locked>false</locked>
    <installDate/>
    <removalDate/>
    <temporary>false</temporary>
    <public>true</public>
    <nbBikes>8</nbBikes>
    <nbEmptyDocks>3</nbEmptyDocks>
    <latestUpdateTime/>
  </station>
  <station>
    <id>7048</id>
    <name>Front/Yonge (Hockey Hall of Fame)</name>
    <terminalName/>
    <lastCommWithServer>1478026487000</lastCommWithServer>
    <lat>43.646144</lat>
    <long>-79.377962</long>
    <installed>true</installed>
    <locked>false</locked>
    <installDate/>
    <removalDate/>
    <temporary>false</temporary>
    <public>true</public>
    <nbBikes>25</nbBikes>
    <nbEmptyDocks>22</nbEmptyDocks>
    <latestUpdateTime/>
  </station>
  <station>
    <id>7049</id>
    <name>Queen St / Portland St</name>
    <terminalName/>
    <lastCommWithServer>1478026538000</lastCommWithServer>
    <lat>43.6476</lat>
    <long>-79.4015</long>
    <installed>true</installed>
    <locked>false</locked>
    <installDate/>
    <removalDate/>
    <temporary>false</temporary>
    <public>true</public>
    <nbBikes>8</nbBikes>
    <nbEmptyDocks>2</nbEmptyDocks>
    <latestUpdateTime/>
  </station>
  <station>
    <id>7050</id>
    <name>Richmond St E / Jarvis St</name>
    <terminalName/>
    <lastCommWithServer>1478026430000</lastCommWithServer>
    <lat>43.652634</lat>
    <long>-79.374222</long>
    <installed>true</installed>
    <locked>false</locked>
    <installDate/>
    <removalDate/>
    <temporary>false</temporary>
    <public>true</public>
    <nbBikes>9</nbBikes>
    <nbEmptyDocks>2</nbEmptyDocks>
    <latestUpdateTime/>
  </station>
  <station>
    <id>7051</id>
    <name>Wellesley St E. / Yonge St</name>
    <terminalName/>
    <lastCommWithServer>1478026563000</lastCommWithServer>
    <lat>43.664953</lat>
    <long>-79.384423</long>
    <installed>true</installed>
    <locked>false</locked>
    <installDate/>
    <removalDate/>
    <temporary>false</temporary>
    <public>true</public>
    <nbBikes>1</nbBikes>
    <nbEmptyDocks>16</nbEmptyDocks>
    <latestUpdateTime/>
  </station>
  <station>
    <id>7052</id>
    <name>Wellington St W / Bay St</name>
    <terminalName/>
    <lastCommWithServer>1478026521000</lastCommWithServer>
    <lat>43.647259</lat>
    <long>-79.379878</long>
    <installed>true</installed>
    <locked>false</locked>
    <installDate/>
    <removalDate/>
    <temporary>false</temporary>
    <public>true</public>
    <nbBikes>21</nbBikes>
    <nbEmptyDocks>6</nbEmptyDocks>
    <latestUpdateTime/>
  </station>
  <station>
    <id>7053</id>
    <name>Metro Hall Plaza</name>
    <terminalName/>
    <lastCommWithServer>1478026461000</lastCommWithServer>
    <lat>43.645859</lat>
    <long>-79.38783</long>
    <installed>true</installed>
    <locked>false</locked>
    <installDate/>
    <removalDate/>
    <temporary>false</temporary>
    <public>true</public>
    <nbBikes>15</nbBikes>
    <nbEmptyDocks>12</nbEmptyDocks>
    <latestUpdateTime/>
  </station>
  <station>
    <id>7054</id>
    <name>Navy Wharf Ct. / Bremner Blvd.</name>
    <terminalName/>
    <lastCommWithServer>1478026434000</lastCommWithServer>
    <lat>43.640722</lat>
    <long>-79.391051</long>
    <installed>true</installed>
    <locked>false</locked>
    <installDate/>
    <removalDate/>
    <temporary>false</temporary>
    <public>true</public>
    <nbBikes>5</nbBikes>
    <nbEmptyDocks>6</nbEmptyDocks>
    <latestUpdateTime/>
  </station>
  <station>
    <id>7055</id>
    <name>Jarvis St / Carlton St</name>
    <terminalName/>
    <lastCommWithServer>1478026533000</lastCommWithServer>
    <lat>43.66207</lat>
    <long>-79.37617</long>
    <installed>true</installed>
    <locked>false</locked>
    <installDate/>
    <removalDate/>
    <temporary>false</temporary>
    <public>true</public>
    <nbBikes>5</nbBikes>
    <nbEmptyDocks>10</nbEmptyDocks>
    <latestUpdateTime/>
  </station>
  <station>
    <id>7056</id>
    <name>Parliament St / Gerrard St</name>
    <terminalName/>
    <lastCommWithServer>1478026507000</lastCommWithServer>
    <lat>43.661149</lat>
    <long>-79.366648</long>
    <installed>true</installed>
    <locked>false</locked>
    <installDate/>
    <removalDate/>
    <temporary>false</temporary>
    <public>true</public>
    <nbBikes>4</nbBikes>
    <nbEmptyDocks>22</nbEmptyDocks>
    <latestUpdateTime/>
  </station>
  <station>
    <id>7057</id>
    <name>Simcoe St / Wellington St W</name>
    <terminalName/>
    <lastCommWithServer>1478026518000</lastCommWithServer>
    <lat>43.645533</lat>
    <long>-79.3854</long>
    <installed>true</installed>
    <locked>false</locked>
    <installDate/>
    <removalDate/>
    <temporary>false</temporary>
    <public>true</public>
    <nbBikes>15</nbBikes>
    <nbEmptyDocks>14</nbEmptyDocks>
    <latestUpdateTime/>
  </station>
  <station>
    <id>7058</id>
    <name>Huron/ Harbord St</name>
    <terminalName/>
    <lastCommWithServer>1478026360000</lastCommWithServer>
    <lat>43.6637</lat>
    <long>-79.400053</long>
    <installed>true</installed>
    <locked>false</locked>
    <installDate/>
    <removalDate/>
    <temporary>false</temporary>
    <public>true</public>
    <nbBikes>1</nbBikes>
    <nbEmptyDocks>18</nbEmptyDocks>
    <latestUpdateTime/>
  </station>
  <station>
    <id>7059</id>
    <name>Front St W / Blue Jays Way</name>
    <terminalName/>
    <lastCommWithServer>1478026549000</lastCommWithServer>
    <lat>43.643473</lat>
    <long>-79.390477</long>
    <installed>true</installed>
    <locked>false</locked>
    <installDate/>
    <removalDate/>
    <temporary>false</temporary>
    <public>true</public>
    <nbBikes>6</nbBikes>
    <nbEmptyDocks>9</nbEmptyDocks>
    <latestUpdateTime/>
  </station>
  <station>
    <id>7060</id>
    <name>Princess Ave / Adelaide St</name>
    <terminalName/>
    <lastCommWithServer>1478026455000</lastCommWithServer>
    <lat>43.652123</lat>
    <long>-79.367139</long>
    <installed>true</installed>
    <locked>false</locked>
    <installDate/>
    <removalDate/>
    <temporary>false</temporary>
    <public>true</public>
    <nbBikes>5</nbBikes>
    <nbEmptyDocks>14</nbEmptyDocks>
    <latestUpdateTime/>
  </station>
  <station>
    <id>7061</id>
    <name>Bloor St / Brunswick Ave</name>
    <terminalName/>
    <lastCommWithServer>1478026433000</lastCommWithServer>
    <lat>43.665876</lat>
    <long>-79.407224</long>
    <installed>true</installed>
    <locked>false</locked>
    <installDate/>
    <removalDate/>
    <temporary>false</temporary>
    <public>true</public>
    <nbBikes>1</nbBikes>
    <nbEmptyDocks>22</nbEmptyDocks>
    <latestUpdateTime/>
  </station>
  <station>
    <id>7062</id>
    <name>University Ave / College St</name>
    <terminalName/>
    <lastCommWithServer>1478026493000</lastCommWithServer>
    <lat>43.659226</lat>
    <long>-79.390213</long>
    <installed>true</installed>
    <locked>false</locked>
    <installDate/>
    <removalDate/>
    <temporary>false</temporary>
    <public>true</public>
    <nbBikes>0</nbBikes>
    <nbEmptyDocks>11</nbEmptyDocks>
    <latestUpdateTime/>
  </station>
  <station>
    <id>7063</id>
    <name>Queens Park / Bloor St W</name>
    <terminalName/>
    <lastCommWithServer>1478026621000</lastCommWithServer>
    <lat>43.668327</lat>
    <long>-79.39355</long>
    <installed>true</installed>
    <locked>false</locked>
    <installDate/>
    <removalDate/>
    <temporary>false</temporary>
    <public>true</public>
    <nbBikes>4</nbBikes>
    <nbEmptyDocks>14</nbEmptyDocks>
    <latestUpdateTime/>
  </station>
  <station>
    <id>7064</id>
    <name>51 Parliament St</name>
    <terminalName/>
    <lastCommWithServer>1478026501000</lastCommWithServer>
    <lat>43.65205</lat>
    <long>-79.362198</long>
    <installed>true</installed>
    <locked>false</locked>
    <installDate/>
    <removalDate/>
    <temporary>false</temporary>
    <public>true</public>
    <nbBikes>9</nbBikes>
    <nbEmptyDocks>10</nbEmptyDocks>
    <latestUpdateTime/>
  </station>
  <station>
    <id>7065</id>
    <name>Dundas St / Parliament St</name>
    <terminalName/>
    <lastCommWithServer>1478026421000</lastCommWithServer>
    <lat>43.659575</lat>
    <long>-79.365769</long>
    <installed>true</installed>
    <locked>false</locked>
    <installDate/>
    <removalDate/>
    <temporary>false</temporary>
    <public>true</public>
    <nbBikes>7</nbBikes>
    <nbEmptyDocks>7</nbEmptyDocks>
    <latestUpdateTime/>
  </station>
  <station>
    <id>7066</id>
    <name>Willcocks St / St. George St</name>
    <terminalName/>
    <lastCommWithServer>1478026470000</lastCommWithServer>
    <lat>43.662237</lat>
    <long>-79.397716</long>
    <installed>true</installed>
    <locked>false</locked>
    <installDate/>
    <removalDate/>
    <temporary>false</temporary>
    <public>true</public>
    <nbBikes>14</nbBikes>
    <nbEmptyDocks>3</nbEmptyDocks>
    <latestUpdateTime/>
  </station>
  <station>
    <id>7067</id>
    <name>Yonge St. / Harbour St.</name>
    <terminalName/>
    <lastCommWithServer>1478026483000</lastCommWithServer>
    <lat>43.643795</lat>
    <long>-79.375413</long>
    <installed>true</installed>
    <locked>false</locked>
    <installDate/>
    <removalDate/>
    <temporary>false</temporary>
    <public>true</public>
    <nbBikes>8</nbBikes>
    <nbEmptyDocks>31</nbEmptyDocks>
    <latestUpdateTime/>
  </station>
  <station>
    <id>7068</id>
    <name>Dockside Dr / Queens Quay E.</name>
    <terminalName/>
    <lastCommWithServer>1478026626000</lastCommWithServer>
    <lat>43.644272</lat>
    <long>-79.367766</long>
    <installed>true</installed>
    <locked>false</locked>
    <installDate/>
    <removalDate/>
    <temporary>false</temporary>
    <public>true</public>
    <nbBikes>17</nbBikes>
    <nbEmptyDocks>10</nbEmptyDocks>
    <latestUpdateTime/>
  </station>
  <station>
    <id>7069</id>
    <name>Queen St W / Spadina Ave</name>
    <terminalName/>
    <lastCommWithServer>1478026563000</lastCommWithServer>
    <lat>43.649147</lat>
    <long>-79.395504</long>
    <installed>true</installed>
    <locked>false</locked>
    <installDate/>
    <removalDate/>
    <temporary>false</temporary>
    <public>true</public>
    <nbBikes>3</nbBikes>
    <nbEmptyDocks>8</nbEmptyDocks>
    <latestUpdateTime/>
  </station>
  <station>
    <id>7070</id>
    <name>25 York St (ACC/Union Station South)</name>
    <terminalName/>
    <lastCommWithServer>1478026494000</lastCommWithServer>
    <lat>43.643667</lat>
    <long>-79.380414</long>
    <installed>true</installed>
    <locked>false</locked>
    <installDate/>
    <removalDate/>
    <temporary>false</temporary>
    <public>true</public>
    <nbBikes>3</nbBikes>
    <nbEmptyDocks>8</nbEmptyDocks>
    <latestUpdateTime/>
  </station>
  <station>
    <id>7071</id>
    <name>Bathurst / Queens Quay (Island Airport)</name>
    <terminalName/>
    <lastCommWithServer>1478026621000</lastCommWithServer>
    <lat>43.634982</lat>
    <long>-79.397574</long>
    <installed>true</installed>
    <locked>false</locked>
    <installDate/>
    <removalDate/>
    <temporary>false</temporary>
    <public>true</public>
    <nbBikes>4</nbBikes>
    <nbEmptyDocks>19</nbEmptyDocks>
    <latestUpdateTime/>
  </station>
  <station>
    <id>7072</id>
    <name>Queen St W / Shaw St</name>
    <terminalName/>
    <lastCommWithServer>1478026423000</lastCommWithServer>
    <lat>43.644524</lat>
    <long>-79.416519</long>
    <installed>true</installed>
    <locked>false</locked>
    <installDate/>
    <removalDate/>
    <temporary>false</temporary>
    <public>true</public>
    <nbBikes>9</nbBikes>
    <nbEmptyDocks>8</nbEmptyDocks>
    <latestUpdateTime/>
  </station>
  <station>
    <id>7073</id>
    <name>Bremner / Spadina</name>
    <terminalName/>
    <lastCommWithServer>1478026638000</lastCommWithServer>
    <lat>43.640903</lat>
    <long>-79.392895</long>
    <installed>true</installed>
    <locked>false</locked>
    <installDate/>
    <removalDate/>
    <temporary>false</temporary>
    <public>true</public>
    <nbBikes>4</nbBikes>
    <nbEmptyDocks>11</nbEmptyDocks>
    <latestUpdateTime/>
  </station>
  <station>
    <id>7074</id>
    <name>Spadina Ave / Sussex Ave</name>
    <terminalName/>
    <lastCommWithServer>1478026517000</lastCommWithServer>
    <lat>43.664137</lat>
    <long>-79.402496</long>
    <installed>true</installed>
    <locked>false</locked>
    <installDate/>
    <removalDate/>
    <temporary>false</temporary>
    <public>true</public>
    <nbBikes>2</nbBikes>
    <nbEmptyDocks>25</nbEmptyDocks>
    <latestUpdateTime/>
  </station>
  <station>
    <id>7075</id>
    <name>Queens Quay W / Dan Leckie Way</name>
    <terminalName/>
    <lastCommWithServer>1478026532000</lastCommWithServer>
    <lat>43.636533</lat>
    <long>-79.395854</long>
    <installed>true</installed>
    <locked>false</locked>
    <installDate/>
    <removalDate/>
    <temporary>false</temporary>
    <public>true</public>
    <nbBikes>9</nbBikes>
    <nbEmptyDocks>16</nbEmptyDocks>
    <latestUpdateTime/>
  </station>
  <station>
    <id>7076</id>
    <name>York St / Queens Quay W</name>
    <terminalName/>
    <lastCommWithServer>1478026409000</lastCommWithServer>
    <lat>43.640132</lat>
    <long>-79.380464</long>
    <installed>true</installed>
    <locked>false</locked>
    <installDate/>
    <removalDate/>
    <temporary>false</temporary>
    <public>true</public>
    <nbBikes>8</nbBikes>
    <nbEmptyDocks>19</nbEmptyDocks>
    <latestUpdateTime/>
  </station>
  <station>
    <id>7077</id>
    <name>College Park South</name>
    <terminalName/>
    <lastCommWithServer>1478026593000</lastCommWithServer>
    <lat>43.659777</lat>
    <long>-79.382767</long>
    <installed>true</installed>
    <locked>false</locked>
    <installDate/>
    <removalDate/>
    <temporary>false</temporary>
    <public>true</public>
    <nbBikes>8</nbBikes>
    <nbEmptyDocks>10</nbEmptyDocks>
    <latestUpdateTime/>
  </station>
  <station>
    <id>7078</id>
    <name>College St / Major St</name>
    <terminalName/>
    <lastCommWithServer>1478026574000</lastCommWithServer>
    <lat>43.6576</lat>
    <long>-79.4032</long>
    <installed>true</installed>
    <locked>false</locked>
    <installDate/>
    <removalDate/>
    <temporary>false</temporary>
    <public>true</public>
    <nbBikes>3</nbBikes>
    <nbEmptyDocks>8</nbEmptyDocks>
    <latestUpdateTime/>
  </station>
  <station>
    <id>7079</id>
    <name>McGIll St / Church St</name>
    <terminalName/>
    <lastCommWithServer>1478026458000</lastCommWithServer>
    <lat>43.660694</lat>
    <long>-79.379052</long>
    <installed>true</installed>
    <locked>false</locked>
    <installDate/>
    <removalDate/>
    <temporary>false</temporary>
    <public>true</public>
    <nbBikes>8</nbBikes>
    <nbEmptyDocks>7</nbEmptyDocks>
    <latestUpdateTime/>
  </station>
  <station>
    <id>7083</id>
    <name>Danforth/Barrington</name>
    <terminalName/>
    <lastCommWithServer>1478026540000</lastCommWithServer>
    <lat>43.688325</lat>
    <long>-79.300463</long>
    <installed>true</installed>
    <locked>false</locked>
    <installDate/>
    <removalDate/>
    <temporary>false</temporary>
    <public>true</public>
    <nbBikes>6</nbBikes>
    <nbEmptyDocks>9</nbEmptyDocks>
    <latestUpdateTime/>
  </station>
  <station>
    <id>7084</id>
    <name>Stephenson/Main</name>
    <terminalName/>
    <lastCommWithServer>1478026563000</lastCommWithServer>
    <lat>43.68704</lat>
    <long>-79.301915</long>
    <installed>true</installed>
    <locked>false</locked>
    <installDate/>
    <removalDate/>
    <temporary>false</temporary>
    <public>true</public>
    <nbBikes>6</nbBikes>
    <nbEmptyDocks>9</nbEmptyDocks>
    <latestUpdateTime/>
  </station>
  <station>
    <id>7085</id>
    <name>Danforth/Westlake</name>
    <terminalName/>
    <lastCommWithServer>1478026364000</lastCommWithServer>
    <lat>43.687393</lat>
    <long>-79.303888</long>
    <installed>true</installed>
    <locked>false</locked>
    <installDate/>
    <removalDate/>
    <temporary>false</temporary>
    <public>true</public>
    <nbBikes>10</nbBikes>
    <nbEmptyDocks>5</nbEmptyDocks>
    <latestUpdateTime/>
  </station>
  <station>
    <id>7086</id>
    <name>Cedarvale/Danforth</name>
    <terminalName/>
    <lastCommWithServer>1478026441000</lastCommWithServer>
    <lat>43.686829</lat>
    <long>-79.311073</long>
    <installed>true</installed>
    <locked>false</locked>
    <installDate/>
    <removalDate/>
    <temporary>false</temporary>
    <public>true</public>
    <nbBikes>7</nbBikes>
    <nbEmptyDocks>12</nbEmptyDocks>
    <latestUpdateTime/>
  </station>
  <station>
    <id>7087</id>
    <name>Danforth/Aldridge</name>
    <terminalName/>
    <lastCommWithServer>1478026474000</lastCommWithServer>
    <lat>43.684371</lat>
    <long>-79.316756</long>
    <installed>true</installed>
    <locked>false</locked>
    <installDate/>
    <removalDate/>
    <temporary>false</temporary>
    <public>true</public>
    <nbBikes>5</nbBikes>
    <nbEmptyDocks>17</nbEmptyDocks>
    <latestUpdateTime/>
  </station>
  <station>
    <id>7088</id>
    <name>Danforth/Coxwell</name>
    <terminalName/>
    <lastCommWithServer>1478026636000</lastCommWithServer>
    <lat>43.683378</lat>
    <long>-79.322961</long>
    <installed>true</installed>
    <locked>false</locked>
    <installDate/>
    <removalDate/>
    <temporary>false</temporary>
    <public>true</public>
    <nbBikes>4</nbBikes>
    <nbEmptyDocks>10</nbEmptyDocks>
    <latestUpdateTime/>
  </station>
  <station>
    <id>7089</id>
    <name>Church St / Wood</name>
    <terminalName/>
    <lastCommWithServer>1478026367000</lastCommWithServer>
    <lat>43.662767</lat>
    <long>-79.379577</long>
    <installed>true</installed>
    <locked>false</locked>
    <installDate/>
    <removalDate/>
    <temporary>false</temporary>
    <public>true</public>
    <nbBikes>7</nbBikes>
    <nbEmptyDocks>12</nbEmptyDocks>
    <latestUpdateTime/>
  </station>
  <station>
    <id>7090</id>
    <name>Danforth/Lamb</name>
    <terminalName/>
    <lastCommWithServer>1478026379000</lastCommWithServer>
    <lat>43.681991</lat>
    <long>-79.329455</long>
    <installed>true</installed>
    <locked>false</locked>
    <installDate/>
    <removalDate/>
    <temporary>false</temporary>
    <public>true</public>
    <nbBikes>5</nbBikes>
    <nbEmptyDocks>10</nbEmptyDocks>
    <latestUpdateTime/>
  </station>
  <station>
    <id>7091</id>
    <name>Danforth/Donlands</name>
    <terminalName/>
    <lastCommWithServer>1478026509000</lastCommWithServer>
    <lat>43.681329</lat>
    <long>-79.337506</long>
    <installed>true</installed>
    <locked>false</locked>
    <installDate/>
    <removalDate/>
    <temporary>false</temporary>
    <public>true</public>
    <nbBikes>0</nbBikes>
    <nbEmptyDocks>11</nbEmptyDocks>
    <latestUpdateTime/>
  </station>
  <station>
    <id>7092</id>
    <name>Lipton/Pape</name>
    <terminalName/>
    <lastCommWithServer>1478026439000</lastCommWithServer>
    <lat>43.680223</lat>
    <long>-79.344062</long>
    <installed>true</installed>
    <locked>false</locked>
    <installDate/>
    <removalDate/>
    <temporary>false</temporary>
    <public>true</public>
    <nbBikes>3</nbBikes>
    <nbEmptyDocks>12</nbEmptyDocks>
    <latestUpdateTime/>
  </station>
  <station>
    <id>7093</id>
    <name>Danforth/Gough</name>
    <terminalName/>
    <lastCommWithServer>1478026433000</lastCommWithServer>
    <lat>43.678401</lat>
    <long>-79.346289</long>
    <installed>true</installed>
    <locked>false</locked>
    <installDate/>
    <removalDate/>
    <temporary>false</temporary>
    <public>true</public>
    <nbBikes>6</nbBikes>
    <nbEmptyDocks>8</nbEmptyDocks>
    <latestUpdateTime/>
  </station>
  <station>
    <id>7094</id>
    <name>Chester/Danforth</name>
    <terminalName/>
    <lastCommWithServer>1478026535000</lastCommWithServer>
    <lat>43.678056</lat>
    <long>-79.352222</long>
    <installed>true</installed>
    <locked>false</locked>
    <installDate/>
    <removalDate/>
    <temporary>false</temporary>
    <public>true</public>
    <nbBikes>0</nbBikes>
    <nbEmptyDocks>15</nbEmptyDocks>
    <latestUpdateTime/>
  </station>
  <station>
    <id>7095</id>
    <name>Danforth/Ellerbeck</name>
    <terminalName/>
    <lastCommWithServer>1478026508000</lastCommWithServer>
    <lat>43.677076</lat>
    <long>-79.35667</long>
    <installed>true</installed>
    <locked>false</locked>
    <installDate/>
    <removalDate/>
    <temporary>false</temporary>
    <public>true</public>
    <nbBikes>3</nbBikes>
    <nbEmptyDocks>10</nbEmptyDocks>
    <latestUpdateTime/>
  </station>
  <station>
    <id>7096</id>
    <name>Queen/Logan</name>
    <terminalName/>
    <lastCommWithServer>1478026397000</lastCommWithServer>
    <lat>43.660303</lat>
    <long>-79.342608</long>
    <installed>true</installed>
    <locked>false</locked>
    <installDate/>
    <removalDate/>
    <temporary>false</temporary>
    <public>true</public>
    <nbBikes>7</nbBikes>
    <nbEmptyDocks>8</nbEmptyDocks>
    <latestUpdateTime/>
  </station>
  <station>
    <id>7097</id>
    <name>Montcrest/Broadview</name>
    <terminalName/>
    <lastCommWithServer>1478026470000</lastCommWithServer>
    <lat>43.671172</lat>
    <long>-79.354704</long>
    <installed>true</installed>
    <locked>false</locked>
    <installDate/>
    <removalDate/>
    <temporary>false</temporary>
    <public>true</public>
    <nbBikes>1</nbBikes>
    <nbEmptyDocks>14</nbEmptyDocks>
    <latestUpdateTime/>
  </station>
  <station>
    <id>7098</id>
    <name>Langley/Broadview</name>
    <terminalName/>
    <lastCommWithServer>1478026571000</lastCommWithServer>
    <lat>43.667819</lat>
    <long>-79.35347</long>
    <installed>true</installed>
    <locked>false</locked>
    <installDate/>
    <removalDate/>
    <temporary>false</temporary>
    <public>true</public>
    <nbBikes>1</nbBikes>
    <nbEmptyDocks>14</nbEmptyDocks>
    <latestUpdateTime/>
  </station>
  <station>
    <id>7099</id>
    <name>Cherry/Mill</name>
    <terminalName/>
    <lastCommWithServer>1478026531000</lastCommWithServer>
    <lat>43.651248</lat>
    <long>-79.357848</long>
    <installed>true</installed>
    <locked>false</locked>
    <installDate/>
    <removalDate/>
    <temporary>false</temporary>
    <public>true</public>
    <nbBikes>8</nbBikes>
    <nbEmptyDocks>7</nbEmptyDocks>
    <latestUpdateTime/>
  </station>
  <station>
    <id>7100</id>
    <name>Dundas/Regent Park Blvd</name>
    <terminalName/>
    <lastCommWithServer>1478026550000</lastCommWithServer>
    <lat>43.660207</lat>
    <long>-79.361275</long>
    <installed>true</installed>
    <locked>false</locked>
    <installDate/>
    <removalDate/>
    <temporary>false</temporary>
    <public>true</public>
    <nbBikes>7</nbBikes>
    <nbEmptyDocks>12</nbEmptyDocks>
    <latestUpdateTime/>
  </station>
  <station>
    <id>7101</id>
    <name>Lower Sherbourne/The Esplanade</name>
    <terminalName/>
    <lastCommWithServer>1478026629000</lastCommWithServer>
    <lat>43.647756</lat>
    <long>-79.366415</long>
    <installed>true</installed>
    <locked>false</locked>
    <installDate/>
    <removalDate/>
    <temporary>false</temporary>
    <public>true</public>
    <nbBikes>12</nbBikes>
    <nbEmptyDocks>15</nbEmptyDocks>
    <latestUpdateTime/>
  </station>
  <station>
    <id>7102</id>
    <name>Nelson/John</name>
    <terminalName/>
    <lastCommWithServer>1478026621000</lastCommWithServer>
    <lat>43.648711</lat>
    <long>-79.389728</long>
    <installed>true</installed>
    <locked>false</locked>
    <installDate/>
    <removalDate/>
    <temporary>false</temporary>
    <public>true</public>
    <nbBikes>15</nbBikes>
    <nbEmptyDocks>16</nbEmptyDocks>
    <latestUpdateTime/>
  </station>
  <station>
    <id>7103</id>
    <name>Jimmie Simpson Park</name>
    <terminalName/>
    <lastCommWithServer>1478026579000</lastCommWithServer>
    <lat>43.660176</lat>
    <long>-79.344946</long>
    <installed>true</installed>
    <locked>false</locked>
    <installDate/>
    <removalDate/>
    <temporary>false</temporary>
    <public>true</public>
    <nbBikes>7</nbBikes>
    <nbEmptyDocks>3</nbEmptyDocks>
    <latestUpdateTime/>
  </station>
  <station>
    <id>7104</id>
    <name>King/River</name>
    <terminalName/>
    <lastCommWithServer>1478026584000</lastCommWithServer>
    <lat>43.657071</lat>
    <long>-79.356598</long>
    <installed>true</installed>
    <locked>false</locked>
    <installDate/>
    <removalDate/>
    <temporary>false</temporary>
    <public>true</public>
    <nbBikes>3</nbBikes>
    <nbEmptyDocks>12</nbEmptyDocks>
    <latestUpdateTime/>
  </station>
  <station>
    <id>7105</id>
    <name>Queen/Sackville</name>
    <terminalName/>
    <lastCommWithServer>1478026499000</lastCommWithServer>
    <lat>43.6561111</lat>
    <long>-79.36138888888888</long>
    <installed>true</installed>
    <locked>false</locked>
    <installDate/>
    <removalDate/>
    <temporary>false</temporary>
    <public>true</public>
    <nbBikes>1</nbBikes>
    <nbEmptyDocks>14</nbEmptyDocks>
    <latestUpdateTime/>
  </station>
  <station>
    <id>7106</id>
    <name>Mill/Tannery</name>
    <terminalName/>
    <lastCommWithServer>1478026594000</lastCommWithServer>
    <lat>43.652219</lat>
    <long>-79.354455</long>
    <installed>true</installed>
    <locked>false</locked>
    <installDate/>
    <removalDate/>
    <temporary>false</temporary>
    <public>true</public>
    <nbBikes>7</nbBikes>
    <nbEmptyDocks>8</nbEmptyDocks>
    <latestUpdateTime/>
  </station>
  <station>
    <id>7107</id>
    <name>Cherry/Distillery Ln</name>
    <terminalName/>
    <lastCommWithServer>1478026496000</lastCommWithServer>
    <lat>43.650279</lat>
    <long>-79.356832</long>
    <installed>true</installed>
    <locked>false</locked>
    <installDate/>
    <removalDate/>
    <temporary>false</temporary>
    <public>true</public>
    <nbBikes>5</nbBikes>
    <nbEmptyDocks>10</nbEmptyDocks>
    <latestUpdateTime/>
  </station>
  <station>
    <id>7108</id>
    <name>Front/Cherry</name>
    <terminalName/>
    <lastCommWithServer>1477159260000</lastCommWithServer>
    <lat>43.652686</lat>
    <long>-79.358395</long>
    <installed>true</installed>
    <locked>true</locked>
    <installDate/>
    <removalDate/>
    <temporary>false</temporary>
    <public>true</public>
    <nbBikes>2</nbBikes>
    <nbEmptyDocks>2</nbEmptyDocks>
    <latestUpdateTime/>
  </station>
  <station>
    <id>7109</id>
    <name>Seaton/Dundas St E</name>
    <terminalName/>
    <lastCommWithServer>1478026401000</lastCommWithServer>
    <lat>43.658777</lat>
    <long>-79.369596</long>
    <installed>true</installed>
    <locked>false</locked>
    <installDate/>
    <removalDate/>
    <temporary>false</temporary>
    <public>true</public>
    <nbBikes>5</nbBikes>
    <nbEmptyDocks>5</nbEmptyDocks>
    <latestUpdateTime/>
  </station>
  <station>
    <id>7110</id>
    <name>Queen/Berkely</name>
    <terminalName/>
    <lastCommWithServer>1478026473000</lastCommWithServer>
    <lat>43.6552778</lat>
    <long>-79.36583333333333</long>
    <installed>true</installed>
    <locked>false</locked>
    <installDate/>
    <removalDate/>
    <temporary>false</temporary>
    <public>true</public>
    <nbBikes>8</nbBikes>
    <nbEmptyDocks>7</nbEmptyDocks>
    <latestUpdateTime/>
  </station>
  <station>
    <id>7111</id>
    <name>King/Douro</name>
    <terminalName/>
    <lastCommWithServer>1478026610000</lastCommWithServer>
    <lat>43.640885</lat>
    <long>-79.416379</long>
    <installed>true</installed>
    <locked>false</locked>
    <installDate/>
    <removalDate/>
    <temporary>false</temporary>
    <public>true</public>
    <nbBikes>4</nbBikes>
    <nbEmptyDocks>7</nbEmptyDocks>
    <latestUpdateTime/>
  </station>
  <station>
    <id>7112</id>
    <name>Liberty/Fraser</name>
    <terminalName/>
    <lastCommWithServer>1478026617000</lastCommWithServer>
    <lat>43.637981</lat>
    <long>-79.424146</long>
    <installed>true</installed>
    <locked>false</locked>
    <installDate/>
    <removalDate/>
    <temporary>false</temporary>
    <public>true</public>
    <nbBikes>9</nbBikes>
    <nbEmptyDocks>10</nbEmptyDocks>
    <latestUpdateTime/>
  </station>
  <station>
    <id>7113</id>
    <name>Parliament/Aberdeen</name>
    <terminalName/>
    <lastCommWithServer>1478015814000</lastCommWithServer>
    <lat>43.665278</lat>
    <long>-79.368333</long>
    <installed>true</installed>
    <locked>false</locked>
    <installDate/>
    <removalDate/>
    <temporary>false</temporary>
    <public>true</public>
    <nbBikes>2</nbBikes>
    <nbEmptyDocks>13</nbEmptyDocks>
    <latestUpdateTime/>
  </station>
  <station>
    <id>7114</id>
    <name>Carlton/Parliament</name>
    <terminalName/>
    <lastCommWithServer>1478026581000</lastCommWithServer>
    <lat>43.664524</lat>
    <long>-79.36793</long>
    <installed>true</installed>
    <locked>false</locked>
    <installDate/>
    <removalDate/>
    <temporary>false</temporary>
    <public>true</public>
    <nbBikes>1</nbBikes>
    <nbEmptyDocks>14</nbEmptyDocks>
    <latestUpdateTime/>
  </station>
  <station>
    <id>7115</id>
    <name>Sherbourne/Howard</name>
    <terminalName/>
    <lastCommWithServer>1478026440000</lastCommWithServer>
    <lat>43.671111</lat>
    <long>-79.376389</long>
    <installed>true</installed>
    <locked>false</locked>
    <installDate/>
    <removalDate/>
    <temporary>false</temporary>
    <public>true</public>
    <nbBikes>1</nbBikes>
    <nbEmptyDocks>11</nbEmptyDocks>
    <latestUpdateTime/>
  </station>
  <station>
    <id>7116</id>
    <name>Parliament/Bloor</name>
    <terminalName/>
    <lastCommWithServer>1478026552000</lastCommWithServer>
    <lat>43.671827</lat>
    <long>-79.371849</long>
    <installed>true</installed>
    <locked>false</locked>
    <installDate/>
    <removalDate/>
    <temporary>false</temporary>
    <public>true</public>
    <nbBikes>1</nbBikes>
    <nbEmptyDocks>14</nbEmptyDocks>
    <latestUpdateTime/>
  </station>
  <station>
    <id>7117</id>
    <name>Castle Frank/Bloor</name>
    <terminalName/>
    <lastCommWithServer>1478026414000</lastCommWithServer>
    <lat>43.674083</lat>
    <long>-79.368579</long>
    <installed>true</installed>
    <locked>false</locked>
    <installDate/>
    <removalDate/>
    <temporary>false</temporary>
    <public>true</public>
    <nbBikes>2</nbBikes>
    <nbEmptyDocks>13</nbEmptyDocks>
    <latestUpdateTime/>
  </station>
  <station>
    <id>7118</id>
    <name>King/Bay</name>
    <terminalName/>
    <lastCommWithServer>1478026585000</lastCommWithServer>
    <lat>43.648575</lat>
    <long>-79.380042</long>
    <installed>true</installed>
    <locked>false</locked>
    <installDate/>
    <removalDate/>
    <temporary>false</temporary>
    <public>true</public>
    <nbBikes>11</nbBikes>
    <nbEmptyDocks>4</nbEmptyDocks>
    <latestUpdateTime/>
  </station>
  <station>
    <id>7119</id>
    <name>Sumach/Winchester</name>
    <terminalName/>
    <lastCommWithServer>1478026418000</lastCommWithServer>
    <lat>43.66721</lat>
    <long>-79.362379</long>
    <installed>true</installed>
    <locked>false</locked>
    <installDate/>
    <removalDate/>
    <temporary>false</temporary>
    <public>true</public>
    <nbBikes>6</nbBikes>
    <nbEmptyDocks>9</nbEmptyDocks>
    <latestUpdateTime/>
  </station>
  <station>
    <id>7120</id>
    <name>Gerrard/River</name>
    <terminalName/>
    <lastCommWithServer>1478026426000</lastCommWithServer>
    <lat>43.663993</lat>
    <long>-79.358534</long>
    <installed>true</installed>
    <locked>false</locked>
    <installDate/>
    <removalDate/>
    <temporary>false</temporary>
    <public>true</public>
    <nbBikes>2</nbBikes>
    <nbEmptyDocks>8</nbEmptyDocks>
    <latestUpdateTime/>
  </station>
  <station>
    <id>7121</id>
    <name>Jarvis/Dundas</name>
    <terminalName/>
    <lastCommWithServer>1478026459000</lastCommWithServer>
    <lat>43.657266</lat>
    <long>-79.374756</long>
    <installed>true</installed>
    <locked>false</locked>
    <installDate/>
    <removalDate/>
    <temporary>false</temporary>
    <public>true</public>
    <nbBikes>5</nbBikes>
    <nbEmptyDocks>9</nbEmptyDocks>
    <latestUpdateTime/>
  </station>
  <station>
    <id>7122</id>
    <name>Niagara/Tecumseth</name>
    <terminalName/>
    <lastCommWithServer>1478026570000</lastCommWithServer>
    <lat>43.641389</lat>
    <long>-79.404444</long>
    <installed>true</installed>
    <locked>false</locked>
    <installDate/>
    <removalDate/>
    <temporary>false</temporary>
    <public>true</public>
    <nbBikes>3</nbBikes>
    <nbEmptyDocks>12</nbEmptyDocks>
    <latestUpdateTime/>
  </station>
  <station>
    <id>7123</id>
    <name>Portland/Stewart</name>
    <terminalName/>
    <lastCommWithServer>1478026423000</lastCommWithServer>
    <lat>43.643603</lat>
    <long>-79.399802</long>
    <installed>true</installed>
    <locked>false</locked>
    <installDate/>
    <removalDate/>
    <temporary>false</temporary>
    <public>true</public>
    <nbBikes>5</nbBikes>
    <nbEmptyDocks>10</nbEmptyDocks>
    <latestUpdateTime/>
  </station>
  <station>
    <id>7124</id>
    <name>Dundas/Broadview</name>
    <terminalName/>
    <lastCommWithServer>1478026381000</lastCommWithServer>
    <lat>43.662365</lat>
    <long>-79.351104</long>
    <installed>true</installed>
    <locked>false</locked>
    <installDate/>
    <removalDate/>
    <temporary>false</temporary>
    <public>true</public>
    <nbBikes>11</nbBikes>
    <nbEmptyDocks>8</nbEmptyDocks>
    <latestUpdateTime/>
  </station>
  <station>
    <id>7126</id>
    <name>Yonge/Yorkville</name>
    <terminalName/>
    <lastCommWithServer>1478026532000</lastCommWithServer>
    <lat>43.671944</lat>
    <long>-79.387778</long>
    <installed>true</installed>
    <locked>false</locked>
    <installDate/>
    <removalDate/>
    <temporary>false</temporary>
    <public>true</public>
    <nbBikes>6</nbBikes>
    <nbEmptyDocks>11</nbEmptyDocks>
    <latestUpdateTime/>
  </station>
  <station>
    <id>7127</id>
    <name>Bay/Davenport</name>
    <terminalName/>
    <lastCommWithServer>1478026421000</lastCommWithServer>
    <lat>43.672829</lat>
    <long>-79.390592</long>
    <installed>true</installed>
    <locked>false</locked>
    <installDate/>
    <removalDate/>
    <temporary>false</temporary>
    <public>true</public>
    <nbBikes>1</nbBikes>
    <nbEmptyDocks>14</nbEmptyDocks>
    <latestUpdateTime/>
  </station>
  <station>
    <id>7128</id>
    <name>Yonge/Aylmer</name>
    <terminalName/>
    <lastCommWithServer>1478026477000</lastCommWithServer>
    <lat>43.675492</lat>
    <long>-79.388858</long>
    <installed>true</installed>
    <locked>false</locked>
    <installDate/>
    <removalDate/>
    <temporary>false</temporary>
    <public>true</public>
    <nbBikes>9</nbBikes>
    <nbEmptyDocks>6</nbEmptyDocks>
    <latestUpdateTime/>
  </station>
  <station>
    <id>7129</id>
    <name>Davenport/Avenue</name>
    <terminalName/>
    <lastCommWithServer>1478026540000</lastCommWithServer>
    <lat>43.674991</lat>
    <long>-79.396273</long>
    <installed>true</installed>
    <locked>false</locked>
    <installDate/>
    <removalDate/>
    <temporary>false</temporary>
    <public>true</public>
    <nbBikes>5</nbBikes>
    <nbEmptyDocks>6</nbEmptyDocks>
    <latestUpdateTime/>
  </station>
  <station>
    <id>7130</id>
    <name>Davenport/Bedford</name>
    <terminalName/>
    <lastCommWithServer>1478026622000</lastCommWithServer>
    <lat>43.674613</lat>
    <long>-79.399807</long>
    <installed>true</installed>
    <locked>false</locked>
    <installDate/>
    <removalDate/>
    <temporary>false</temporary>
    <public>true</public>
    <nbBikes>3</nbBikes>
    <nbEmptyDocks>12</nbEmptyDocks>
    <latestUpdateTime/>
  </station>
  <station>
    <id>7131</id>
    <name>Taddle Creek Park</name>
    <terminalName/>
    <lastCommWithServer>1478026504000</lastCommWithServer>
    <lat>43.66986</lat>
    <long>-79.398443</long>
    <installed>true</installed>
    <locked>false</locked>
    <installDate/>
    <removalDate/>
    <temporary>false</temporary>
    <public>true</public>
    <nbBikes>0</nbBikes>
    <nbEmptyDocks>15</nbEmptyDocks>
    <latestUpdateTime/>
  </station>
  <station>
    <id>7132</id>
    <name>Kendal/Spadina</name>
    <terminalName/>
    <lastCommWithServer>1478026424000</lastCommWithServer>
    <lat>43.670303</lat>
    <long>-79.405416</long>
    <installed>true</installed>
    <locked>false</locked>
    <installDate/>
    <removalDate/>
    <temporary>false</temporary>
    <public>true</public>
    <nbBikes>2</nbBikes>
    <nbEmptyDocks>17</nbEmptyDocks>
    <latestUpdateTime/>
  </station>
  <station>
    <id>7133</id>
    <name>Summerhill Station</name>
    <terminalName/>
    <lastCommWithServer>1478026575000</lastCommWithServer>
    <lat>43.681944</lat>
    <long>-79.390556</long>
    <installed>true</installed>
    <locked>false</locked>
    <installDate/>
    <removalDate/>
    <temporary>false</temporary>
    <public>true</public>
    <nbBikes>2</nbBikes>
    <nbEmptyDocks>17</nbEmptyDocks>
    <latestUpdateTime/>
  </station>
  <station>
    <id>7134</id>
    <name>Marlborough/Yonge</name>
    <terminalName/>
    <lastCommWithServer>1478026488000</lastCommWithServer>
    <lat>43.68</lat>
    <long>-79.391111</long>
    <installed>true</installed>
    <locked>false</locked>
    <installDate/>
    <removalDate/>
    <temporary>false</temporary>
    <public>true</public>
    <nbBikes>1</nbBikes>
    <nbEmptyDocks>14</nbEmptyDocks>
    <latestUpdateTime/>
  </station>
  <station>
    <id>7135</id>
    <name>Hanna/Liberty</name>
    <terminalName/>
    <lastCommWithServer>1478026497000</lastCommWithServer>
    <lat>43.638333</lat>
    <long>-79.419722</long>
    <installed>true</installed>
    <locked>false</locked>
    <installDate/>
    <removalDate/>
    <temporary>false</temporary>
    <public>true</public>
    <nbBikes>9</nbBikes>
    <nbEmptyDocks>6</nbEmptyDocks>
    <latestUpdateTime/>
  </station>
  <station>
    <id>7136</id>
    <name>Queen/Close</name>
    <terminalName/>
    <lastCommWithServer>1478026538000</lastCommWithServer>
    <lat>43.640634</lat>
    <long>-79.435841</long>
    <installed>true</installed>
    <locked>false</locked>
    <installDate/>
    <removalDate/>
    <temporary>false</temporary>
    <public>true</public>
    <nbBikes>8</nbBikes>
    <nbEmptyDocks>14</nbEmptyDocks>
    <latestUpdateTime/>
  </station>
  <station>
    <id>7137</id>
    <name>Davenport/Bathurst</name>
    <terminalName/>
    <lastCommWithServer>1478026531000</lastCommWithServer>
    <lat>43.676667</lat>
    <long>-79.416111</long>
    <installed>true</installed>
    <locked>false</locked>
    <installDate/>
    <removalDate/>
    <temporary>false</temporary>
    <public>true</public>
    <nbBikes>3</nbBikes>
    <nbEmptyDocks>12</nbEmptyDocks>
    <latestUpdateTime/>
  </station>
  <station>
    <id>7138</id>
    <name>Davenport/Christie</name>
    <terminalName/>
    <lastCommWithServer>1478026633000</lastCommWithServer>
    <lat>43.675278</lat>
    <long>-79.423889</long>
    <installed>true</installed>
    <locked>false</locked>
    <installDate/>
    <removalDate/>
    <temporary>false</temporary>
    <public>true</public>
    <nbBikes>7</nbBikes>
    <nbEmptyDocks>8</nbEmptyDocks>
    <latestUpdateTime/>
  </station>
  <station>
    <id>7139</id>
    <name>Glen Edyth/Davenport</name>
    <terminalName/>
    <lastCommWithServer>1478026532000</lastCommWithServer>
    <lat>43.677778</lat>
    <long>-79.405556</long>
    <installed>true</installed>
    <locked>false</locked>
    <installDate/>
    <removalDate/>
    <temporary>false</temporary>
    <public>true</public>
    <nbBikes>2</nbBikes>
    <nbEmptyDocks>13</nbEmptyDocks>
    <latestUpdateTime/>
  </station>
  <station>
    <id>7140</id>
    <name>Macpherson/ Spadina</name>
    <terminalName/>
    <lastCommWithServer>1478026547000</lastCommWithServer>
    <lat>43.675791</lat>
    <long>-79.40698</long>
    <installed>true</installed>
    <locked>false</locked>
    <installDate/>
    <removalDate/>
    <temporary>false</temporary>
    <public>true</public>
    <nbBikes>0</nbBikes>
    <nbEmptyDocks>15</nbEmptyDocks>
    <latestUpdateTime/>
  </station>
  <station>
    <id>7141</id>
    <name>Bridgeman/Kendal</name>
    <terminalName/>
    <lastCommWithServer>1478026536000</lastCommWithServer>
    <lat>43.675556</lat>
    <long>-79.410278</long>
    <installed>true</installed>
    <locked>false</locked>
    <installDate/>
    <removalDate/>
    <temporary>false</temporary>
    <public>true</public>
    <nbBikes>2</nbBikes>
    <nbEmptyDocks>13</nbEmptyDocks>
    <latestUpdateTime/>
  </station>
  <station>
    <id>7142</id>
    <name>Bridgeman/Bathurst</name>
    <terminalName/>
    <lastCommWithServer>1478026621000</lastCommWithServer>
    <lat>43.674444</lat>
    <long>-79.414722</long>
    <installed>true</installed>
    <locked>false</locked>
    <installDate/>
    <removalDate/>
    <temporary>false</temporary>
    <public>true</public>
    <nbBikes>2</nbBikes>
    <nbEmptyDocks>13</nbEmptyDocks>
    <latestUpdateTime/>
  </station>
  <station>
    <id>7143</id>
    <name>Kendal/Bernard</name>
    <terminalName/>
    <lastCommWithServer>1478026559000</lastCommWithServer>
    <lat>43.671513</lat>
    <long>-79.408317</long>
    <installed>true</installed>
    <locked>false</locked>
    <installDate/>
    <removalDate/>
    <temporary>false</temporary>
    <public>true</public>
    <nbBikes>0</nbBikes>
    <nbEmptyDocks>15</nbEmptyDocks>
    <latestUpdateTime/>
  </station>
  <station>
    <id>7144</id>
    <name>Palmerston/Vermont</name>
    <terminalName/>
    <lastCommWithServer>1478026409000</lastCommWithServer>
    <lat>43.671389</lat>
    <long>-79.416389</long>
    <installed>true</installed>
    <locked>false</locked>
    <installDate/>
    <removalDate/>
    <temporary>false</temporary>
    <public>true</public>
    <nbBikes>0</nbBikes>
    <nbEmptyDocks>15</nbEmptyDocks>
    <latestUpdateTime/>
  </station>
  <station>
    <id>7146</id>
    <name>Benson/Christie "Wychwood Barns"</name>
    <terminalName/>
    <lastCommWithServer>1478026499000</lastCommWithServer>
    <lat>43.68</lat>
    <long>-79.42500000000001</long>
    <installed>true</installed>
    <locked>false</locked>
    <installDate/>
    <removalDate/>
    <temporary>false</temporary>
    <public>true</public>
    <nbBikes>5</nbBikes>
    <nbEmptyDocks>14</nbEmptyDocks>
    <latestUpdateTime/>
  </station>
  <station>
    <id>7147</id>
    <name>King St / Mowat</name>
    <terminalName/>
    <lastCommWithServer>1478026562000</lastCommWithServer>
    <lat>43.6394444</lat>
    <long>-79.42527777777778</long>
    <installed>true</installed>
    <locked>false</locked>
    <installDate/>
    <removalDate/>
    <temporary>false</temporary>
    <public>true</public>
    <nbBikes>9</nbBikes>
    <nbEmptyDocks>6</nbEmptyDocks>
    <latestUpdateTime/>
  </station>
  <station>
    <id>7148</id>
    <name>King / Jefferson</name>
    <terminalName/>
    <lastCommWithServer>1478026514000</lastCommWithServer>
    <lat>43.639444</lat>
    <long>-79.423611</long>
    <installed>true</installed>
    <locked>false</locked>
    <installDate/>
    <removalDate/>
    <temporary>false</temporary>
    <public>true</public>
    <nbBikes>6</nbBikes>
    <nbEmptyDocks>9</nbEmptyDocks>
    <latestUpdateTime/>
  </station>
  <station>
    <id>7149</id>
    <name>Yarmouth/Christie</name>
    <terminalName/>
    <lastCommWithServer>1478026621000</lastCommWithServer>
    <lat>43.67</lat>
    <long>-79.42083333333333</long>
    <installed>true</installed>
    <locked>false</locked>
    <installDate/>
    <removalDate/>
    <temporary>false</temporary>
    <public>true</public>
    <nbBikes>1</nbBikes>
    <nbEmptyDocks>9</nbEmptyDocks>
    <latestUpdateTime/>
  </station>
  <station>
    <id>7150</id>
    <name>Dufferin Grove Park</name>
    <terminalName/>
    <lastCommWithServer>1478026595000</lastCommWithServer>
    <lat>43.6555556</lat>
    <long>-79.43361111111112</long>
    <installed>true</installed>
    <locked>false</locked>
    <installDate/>
    <removalDate/>
    <temporary>false</temporary>
    <public>true</public>
    <nbBikes>7</nbBikes>
    <nbEmptyDocks>12</nbEmptyDocks>
    <latestUpdateTime/>
  </station>
  <station>
    <id>7151</id>
    <name>Essex/Christie</name>
    <terminalName/>
    <lastCommWithServer>1478026463000</lastCommWithServer>
    <lat>43.6686111</lat>
    <long>-79.42027777777778</long>
    <installed>true</installed>
    <locked>false</locked>
    <installDate/>
    <removalDate/>
    <temporary>false</temporary>
    <public>true</public>
    <nbBikes>3</nbBikes>
    <nbEmptyDocks>16</nbEmptyDocks>
    <latestUpdateTime/>
  </station>
  <station>
    <id>7152</id>
    <name>Bloor/Ossington</name>
    <terminalName/>
    <lastCommWithServer>1478026459000</lastCommWithServer>
    <lat>43.6619444</lat>
    <long>-79.42555555555556</long>
    <installed>true</installed>
    <locked>false</locked>
    <installDate/>
    <removalDate/>
    <temporary>false</temporary>
    <public>true</public>
    <nbBikes>4</nbBikes>
    <nbEmptyDocks>7</nbEmptyDocks>
    <latestUpdateTime/>
  </station>
  <station>
    <id>7153</id>
    <name>Bloor/Christie</name>
    <terminalName/>
    <lastCommWithServer>1478026625000</lastCommWithServer>
    <lat>43.6638889</lat>
    <long>-79.41888888888889</long>
    <installed>true</installed>
    <locked>false</locked>
    <installDate/>
    <removalDate/>
    <temporary>false</temporary>
    <public>true</public>
    <nbBikes>0</nbBikes>
    <nbEmptyDocks>19</nbEmptyDocks>
    <latestUpdateTime/>
  </station>
  <station>
    <id>7154</id>
    <name>Bathurst Subway Station</name>
    <terminalName/>
    <lastCommWithServer>1478026475000</lastCommWithServer>
    <lat>43.6666667</lat>
    <long>-79.41166666666668</long>
    <installed>true</installed>
    <locked>false</locked>
    <installDate/>
    <removalDate/>
    <temporary>false</temporary>
    <public>true</public>
    <nbBikes>6</nbBikes>
    <nbEmptyDocks>17</nbEmptyDocks>
    <latestUpdateTime/>
  </station>
  <station>
    <id>7155</id>
    <name>Bathurst/Lennox</name>
    <terminalName/>
    <lastCommWithServer>1478026592000</lastCommWithServer>
    <lat>43.6638889</lat>
    <long>-79.41055555555556</long>
    <installed>true</installed>
    <locked>false</locked>
    <installDate/>
    <removalDate/>
    <temporary>false</temporary>
    <public>true</public>
    <nbBikes>0</nbBikes>
    <nbEmptyDocks>19</nbEmptyDocks>
    <latestUpdateTime/>
  </station>
  <station>
    <id>7156</id>
    <name>Salem/Bloor</name>
    <terminalName/>
    <lastCommWithServer>1478026607000</lastCommWithServer>
    <lat>43.6608333</lat>
    <long>-79.43166666666667</long>
    <installed>true</installed>
    <locked>false</locked>
    <installDate/>
    <removalDate/>
    <temporary>false</temporary>
    <public>true</public>
    <nbBikes>7</nbBikes>
    <nbEmptyDocks>8</nbEmptyDocks>
    <latestUpdateTime/>
  </station>
  <station>
    <id>7157</id>
    <name>Bloor/Dufferin</name>
    <terminalName/>
    <lastCommWithServer>1478026611000</lastCommWithServer>
    <lat>43.66083333333333</lat>
    <long>-79.43583333333333</long>
    <installed>true</installed>
    <locked>false</locked>
    <installDate/>
    <removalDate/>
    <temporary>false</temporary>
    <public>true</public>
    <nbBikes>7</nbBikes>
    <nbEmptyDocks>8</nbEmptyDocks>
    <latestUpdateTime/>
  </station>
  <station>
    <id>7158</id>
    <name>King/Strachan</name>
    <terminalName/>
    <lastCommWithServer>1478026413000</lastCommWithServer>
    <lat>43.6422222</lat>
    <long>-79.41111111111111</long>
    <installed>true</installed>
    <locked>false</locked>
    <installDate/>
    <removalDate/>
    <temporary>false</temporary>
    <public>true</public>
    <nbBikes>12</nbBikes>
    <nbEmptyDocks>3</nbEmptyDocks>
    <latestUpdateTime/>
  </station>
  <station>
    <id>7160</id>
    <name>King/Tecumseth</name>
    <terminalName/>
    <lastCommWithServer>1478026534000</lastCommWithServer>
    <lat>43.64333333333333</lat>
    <long>-79.40555555555557</long>
    <installed>true</installed>
    <locked>false</locked>
    <installDate/>
    <removalDate/>
    <temporary>false</temporary>
    <public>true</public>
    <nbBikes>8</nbBikes>
    <nbEmptyDocks>6</nbEmptyDocks>
    <latestUpdateTime/>
  </station>
  <station>
    <id>7161</id>
    <name>Beverly/College</name>
    <terminalName/>
    <lastCommWithServer>1478026548000</lastCommWithServer>
    <lat>43.6575</lat>
    <long>-79.39527777777778</long>
    <installed>true</installed>
    <locked>false</locked>
    <installDate/>
    <removalDate/>
    <temporary>false</temporary>
    <public>true</public>
    <nbBikes>18</nbBikes>
    <nbEmptyDocks>4</nbEmptyDocks>
    <latestUpdateTime/>
  </station>
  <station>
    <id>7162</id>
    <name>Hayter/Laplante</name>
    <terminalName/>
    <lastCommWithServer>1478026381000</lastCommWithServer>
    <lat>43.6591666666667</lat>
    <long>-79.3855555555556</long>
    <installed>true</installed>
    <locked>false</locked>
    <installDate/>
    <removalDate/>
    <temporary>false</temporary>
    <public>true</public>
    <nbBikes>7</nbBikes>
    <nbEmptyDocks>7</nbEmptyDocks>
    <latestUpdateTime/>
  </station>
  <station>
    <id>7163</id>
    <name>Yonge/Wood</name>
    <terminalName/>
    <lastCommWithServer>1478026393000</lastCommWithServer>
    <lat>43.6622222</lat>
    <long>-79.3825</long>
    <installed>true</installed>
    <locked>false</locked>
    <installDate/>
    <removalDate/>
    <temporary>false</temporary>
    <public>true</public>
    <nbBikes>3</nbBikes>
    <nbEmptyDocks>11</nbEmptyDocks>
    <latestUpdateTime/>
  </station>
  <station>
    <id>7164</id>
    <name>Victoria/Dundas</name>
    <terminalName/>
    <lastCommWithServer>1478026483000</lastCommWithServer>
    <lat>43.657189</lat>
    <long>-79.379953</long>
    <installed>true</installed>
    <locked>false</locked>
    <installDate/>
    <removalDate/>
    <temporary>false</temporary>
    <public>true</public>
    <nbBikes>12</nbBikes>
    <nbEmptyDocks>7</nbEmptyDocks>
    <latestUpdateTime/>
  </station>
  <station>
    <id>7167</id>
    <name>Moss Park</name>
    <terminalName/>
    <lastCommWithServer>1478026456000</lastCommWithServer>
    <lat>43.6544444</lat>
    <long>-79.3711111111111</long>
    <installed>true</installed>
    <locked>false</locked>
    <installDate/>
    <removalDate/>
    <temporary>false</temporary>
    <public>true</public>
    <nbBikes>7</nbBikes>
    <nbEmptyDocks>8</nbEmptyDocks>
    <latestUpdateTime/>
  </station>
  <station>
    <id>7168</id>
    <name>Bay/Lakeshore</name>
    <terminalName/>
    <lastCommWithServer>1478026405000</lastCommWithServer>
    <lat>43.6436111</lat>
    <long>-79.37694444444443</long>
    <installed>true</installed>
    <locked>false</locked>
    <installDate/>
    <removalDate/>
    <temporary>false</temporary>
    <public>true</public>
    <nbBikes>6</nbBikes>
    <nbEmptyDocks>9</nbEmptyDocks>
    <latestUpdateTime/>
  </station>
  <station>
    <id>7169</id>
    <name>Front/Bay</name>
    <terminalName/>
    <lastCommWithServer>1478026543000</lastCommWithServer>
    <lat>43.646162</lat>
    <long>-79.378912</long>
    <installed>true</installed>
    <locked>false</locked>
    <installDate/>
    <removalDate/>
    <temporary>false</temporary>
    <public>true</public>
    <nbBikes>4</nbBikes>
    <nbEmptyDocks>7</nbEmptyDocks>
    <latestUpdateTime/>
  </station>
  <station>
    <id>7170</id>
    <name>Spadina / Willcocks</name>
    <terminalName/>
    <lastCommWithServer>1478026618000</lastCommWithServer>
    <lat>43.6616667</lat>
    <long>-79.40138888888889</long>
    <installed>true</installed>
    <locked>false</locked>
    <installDate/>
    <removalDate/>
    <temporary>false</temporary>
    <public>true</public>
    <nbBikes>9</nbBikes>
    <nbEmptyDocks>6</nbEmptyDocks>
    <latestUpdateTime/>
  </station>
  <station>
    <id>7171</id>
    <name>Strachan/Lakeshore</name>
    <terminalName/>
    <lastCommWithServer>1478026445000</lastCommWithServer>
    <lat>43.63409333</lat>
    <long>-79.40909861</long>
    <installed>true</installed>
    <locked>false</locked>
    <installDate/>
    <removalDate/>
    <temporary>false</temporary>
    <public>true</public>
    <nbBikes>14</nbBikes>
    <nbEmptyDocks>13</nbEmptyDocks>
    <latestUpdateTime/>
  </station>
  <station>
    <id>7172</id>
    <name>Strachan and Princes' Blvd</name>
    <terminalName/>
    <lastCommWithServer>1478026369000</lastCommWithServer>
    <lat>43.635</lat>
    <long>-79.4088888888889</long>
    <installed>true</installed>
    <locked>false</locked>
    <installDate/>
    <removalDate/>
    <temporary>false</temporary>
    <public>true</public>
    <nbBikes>13</nbBikes>
    <nbEmptyDocks>6</nbEmptyDocks>
    <latestUpdateTime/>
  </station>
  <station>
    <id>7173</id>
    <name>Cariboo St/ Rail Path</name>
    <terminalName/>
    <lastCommWithServer>1478026390000</lastCommWithServer>
    <lat>43.66666667</lat>
    <long>-79.45833333333334</long>
    <installed>true</installed>
    <locked>false</locked>
    <installDate/>
    <removalDate/>
    <temporary>false</temporary>
    <public>true</public>
    <nbBikes>7</nbBikes>
    <nbEmptyDocks>12</nbEmptyDocks>
    <latestUpdateTime/>
  </station>
  <station>
    <id>7174</id>
    <name>Bloor/Dundas St W</name>
    <terminalName/>
    <lastCommWithServer>1478026434000</lastCommWithServer>
    <lat>43.6563889</lat>
    <long>-79.45166666666667</long>
    <installed>true</installed>
    <locked>false</locked>
    <installDate/>
    <removalDate/>
    <temporary>false</temporary>
    <public>true</public>
    <nbBikes>2</nbBikes>
    <nbEmptyDocks>12</nbEmptyDocks>
    <latestUpdateTime/>
  </station>
  <station>
    <id>7175</id>
    <name>HTO Park</name>
    <terminalName/>
    <lastCommWithServer>1478026367000</lastCommWithServer>
    <lat>43.6386</lat>
    <long>-79.3875</long>
    <installed>true</installed>
    <locked>false</locked>
    <installDate/>
    <removalDate/>
    <temporary>false</temporary>
    <public>true</public>
    <nbBikes>7</nbBikes>
    <nbEmptyDocks>19</nbEmptyDocks>
    <latestUpdateTime/>
  </station>
  <station>
    <id>7176</id>
    <name>Fort York/Bathurst</name>
    <terminalName/>
    <lastCommWithServer>1478026508000</lastCommWithServer>
    <lat>43.639114</lat>
    <long>-79.399995</long>
    <installed>true</installed>
    <locked>false</locked>
    <installDate/>
    <removalDate/>
    <temporary>false</temporary>
    <public>true</public>
    <nbBikes>0</nbBikes>
    <nbEmptyDocks>18</nbEmptyDocks>
    <latestUpdateTime/>
  </station>
  <station>
    <id>7177</id>
    <name>Liberty/Pirandello</name>
    <terminalName/>
    <lastCommWithServer>1478026541000</lastCommWithServer>
    <lat>43.6386111111111</lat>
    <long>-79.4147222222222</long>
    <installed>true</installed>
    <locked>false</locked>
    <installDate/>
    <removalDate/>
    <temporary>false</temporary>
    <public>true</public>
    <nbBikes>4</nbBikes>
    <nbEmptyDocks>14</nbEmptyDocks>
    <latestUpdateTime/>
  </station>
  <station>
    <id>7178</id>
    <name>Dundas W/Bloor</name>
    <terminalName/>
    <lastCommWithServer>1478026401000</lastCommWithServer>
    <lat>43.6575</lat>
    <long>-79.4525</long>
    <installed>true</installed>
    <locked>false</locked>
    <installDate/>
    <removalDate/>
    <temporary>false</temporary>
    <public>true</public>
    <nbBikes>1</nbBikes>
    <nbEmptyDocks>14</nbEmptyDocks>
    <latestUpdateTime/>
  </station>
  <station>
    <id>7179</id>
    <name>Bloor GO/UP Station</name>
    <terminalName/>
    <lastCommWithServer>1478026483000</lastCommWithServer>
    <lat>43.6575</lat>
    <long>-79.4502777777778</long>
    <installed>true</installed>
    <locked>false</locked>
    <installDate/>
    <removalDate/>
    <temporary>false</temporary>
    <public>true</public>
    <nbBikes>7</nbBikes>
    <nbEmptyDocks>12</nbEmptyDocks>
    <latestUpdateTime/>
  </station>
  <station>
    <id>7180</id>
    <name>Lansdowne/Wade</name>
    <terminalName/>
    <lastCommWithServer>1478026436000</lastCommWithServer>
    <lat>43.6591666666667</lat>
    <long>-79.4427777777778</long>
    <installed>true</installed>
    <locked>false</locked>
    <installDate/>
    <removalDate/>
    <temporary>false</temporary>
    <public>true</public>
    <nbBikes>4</nbBikes>
    <nbEmptyDocks>19</nbEmptyDocks>
    <latestUpdateTime/>
  </station>
  <station>
    <id>7181</id>
    <name>Lansdowne/Whytock</name>
    <terminalName/>
    <lastCommWithServer>1478026550000</lastCommWithServer>
    <lat>43.6538888888889</lat>
    <long>-79.4413888888889</long>
    <installed>true</installed>
    <locked>false</locked>
    <installDate/>
    <removalDate/>
    <temporary>false</temporary>
    <public>true</public>
    <nbBikes>6</nbBikes>
    <nbEmptyDocks>9</nbEmptyDocks>
    <latestUpdateTime/>
  </station>
  <station>
    <id>7182</id>
    <name>Sterling/Dundas</name>
    <terminalName/>
    <lastCommWithServer>1478026411000</lastCommWithServer>
    <lat>43.6508333333333</lat>
    <long>-79.4430555555556</long>
    <installed>true</installed>
    <locked>false</locked>
    <installDate/>
    <removalDate/>
    <temporary>false</temporary>
    <public>true</public>
    <nbBikes>7</nbBikes>
    <nbEmptyDocks>12</nbEmptyDocks>
    <latestUpdateTime/>
  </station>
  <station>
    <id>7183</id>
    <name>Margueretta/College</name>
    <terminalName/>
    <lastCommWithServer>1478026510000</lastCommWithServer>
    <lat>43.6513888888889</lat>
    <long>-79.4377777777778</long>
    <installed>true</installed>
    <locked>false</locked>
    <installDate/>
    <removalDate/>
    <temporary>false</temporary>
    <public>true</public>
    <nbBikes>2</nbBikes>
    <nbEmptyDocks>13</nbEmptyDocks>
    <latestUpdateTime/>
  </station>
  <station>
    <id>7184</id>
    <name>College/St. Helen's Ave.</name>
    <terminalName/>
    <lastCommWithServer>1478026382000</lastCommWithServer>
    <lat>43.650601</lat>
    <long>-79.441118</long>
    <installed>true</installed>
    <locked>false</locked>
    <installDate/>
    <removalDate/>
    <temporary>false</temporary>
    <public>true</public>
    <nbBikes>9</nbBikes>
    <nbEmptyDocks>6</nbEmptyDocks>
    <latestUpdateTime/>
  </station>
  <station>
    <id>7188</id>
    <name>Atlantic/Liberty</name>
    <terminalName/>
    <lastCommWithServer>1478026448000</lastCommWithServer>
    <lat>43.6366666666667</lat>
    <long>-79.4197222222222</long>
    <installed>true</installed>
    <locked>false</locked>
    <installDate/>
    <removalDate/>
    <temporary>false</temporary>
    <public>true</public>
    <nbBikes>4</nbBikes>
    <nbEmptyDocks>17</nbEmptyDocks>
    <latestUpdateTime/>
  </station>
  <station>
    <id>7189</id>
    <name>Augusta/Denison Sq</name>
    <terminalName/>
    <lastCommWithServer>1478026503000</lastCommWithServer>
    <lat>43.6541666666667</lat>
    <long>-79.4019444444445</long>
    <installed>true</installed>
    <locked>false</locked>
    <installDate/>
    <removalDate/>
    <temporary>false</temporary>
    <public>true</public>
    <nbBikes>3</nbBikes>
    <nbEmptyDocks>12</nbEmptyDocks>
    <latestUpdateTime/>
  </station>
  <station>
    <id>7190</id>
    <name>St. George/Hoskin</name>
    <terminalName/>
    <lastCommWithServer>1478026368000</lastCommWithServer>
    <lat>43.664059</lat>
    <long>-79.398334</long>
    <installed>true</installed>
    <locked>false</locked>
    <installDate/>
    <removalDate/>
    <temporary>false</temporary>
    <public>true</public>
    <nbBikes>14</nbBikes>
    <nbEmptyDocks>1</nbEmptyDocks>
    <latestUpdateTime/>
  </station>
  <station>
    <id>7191</id>
    <name>Central Tech</name>
    <terminalName/>
    <lastCommWithServer>1478026428000</lastCommWithServer>
    <lat>43.661975</lat>
    <long>-79.407896</long>
    <installed>true</installed>
    <locked>false</locked>
    <installDate/>
    <removalDate/>
    <temporary>false</temporary>
    <public>true</public>
    <nbBikes>0</nbBikes>
    <nbEmptyDocks>9</nbEmptyDocks>
    <latestUpdateTime/>
  </station>
  <station>
    <id>7192</id>
    <name>Harbord/ Clinton</name>
    <terminalName/>
    <lastCommWithServer>1478026481000</lastCommWithServer>
    <lat>43.660167</lat>
    <long>-79.416277</long>
    <installed>true</installed>
    <locked>false</locked>
    <installDate/>
    <removalDate/>
    <temporary>false</temporary>
    <public>true</public>
    <nbBikes>3</nbBikes>
    <nbEmptyDocks>12</nbEmptyDocks>
    <latestUpdateTime/>
  </station>
  <station>
    <id>7193</id>
    <name>Queen/Gladstone</name>
    <terminalName/>
    <lastCommWithServer>1478026480000</lastCommWithServer>
    <lat>43.6430555555556</lat>
    <long>-79.4275</long>
    <installed>true</installed>
    <locked>false</locked>
    <installDate/>
    <removalDate/>
    <temporary>false</temporary>
    <public>true</public>
    <nbBikes>6</nbBikes>
    <nbEmptyDocks>8</nbEmptyDocks>
    <latestUpdateTime/>
  </station>
  <station>
    <id>7194</id>
    <name>Mortimer/Coxwell</name>
    <terminalName/>
    <lastCommWithServer>1478026506000</lastCommWithServer>
    <lat>43.690564</lat>
    <long>-79.326319</long>
    <installed>true</installed>
    <locked>false</locked>
    <installDate/>
    <removalDate/>
    <temporary>false</temporary>
    <public>true</public>
    <nbBikes>3</nbBikes>
    <nbEmptyDocks>8</nbEmptyDocks>
    <latestUpdateTime/>
  </station>
  <station>
    <id>7195</id>
    <name>Ulster/Bathurst</name>
    <terminalName/>
    <lastCommWithServer>1478026627000</lastCommWithServer>
    <lat>43.66</lat>
    <long>-79.4088888888889</long>
    <installed>true</installed>
    <locked>false</locked>
    <installDate/>
    <removalDate/>
    <temporary>false</temporary>
    <public>true</public>
    <nbBikes>0</nbBikes>
    <nbEmptyDocks>11</nbEmptyDocks>
    <latestUpdateTime/>
  </station>
  <station>
    <id>7196</id>
    <name>Roxton/Harbord</name>
    <terminalName/>
    <lastCommWithServer>1478026484000</lastCommWithServer>
    <lat>43.6588888888889</lat>
    <long>-79.4233333333333</long>
    <installed>true</installed>
    <locked>false</locked>
    <installDate/>
    <removalDate/>
    <temporary>false</temporary>
    <public>true</public>
    <nbBikes>0</nbBikes>
    <nbEmptyDocks>11</nbEmptyDocks>
    <latestUpdateTime/>
  </station>
  <station>
    <id>7197</id>
    <name>Queen/Dovercourt</name>
    <terminalName/>
    <lastCommWithServer>1478026596000</lastCommWithServer>
    <lat>43.6436111111111</lat>
    <long>-79.4225</long>
    <installed>true</installed>
    <locked>false</locked>
    <installDate/>
    <removalDate/>
    <temporary>false</temporary>
    <public>true</public>
    <nbBikes>6</nbBikes>
    <nbEmptyDocks>5</nbEmptyDocks>
    <latestUpdateTime/>
  </station>
  <station>
    <id>7198</id>
    <name>Queen/Cowan</name>
    <terminalName/>
    <lastCommWithServer>1478026547000</lastCommWithServer>
    <lat>43.6409</lat>
    <long>-79.432837</long>
    <installed>true</installed>
    <locked>false</locked>
    <installDate/>
    <removalDate/>
    <temporary>false</temporary>
    <public>true</public>
    <nbBikes>9</nbBikes>
    <nbEmptyDocks>9</nbEmptyDocks>
    <latestUpdateTime/>
  </station>
  <station>
    <id>7199</id>
    <name>College/Markham</name>
    <terminalName/>
    <lastCommWithServer>1478026621000</lastCommWithServer>
    <lat>43.6563888888889</lat>
    <long>-79.4091666666667</long>
    <installed>true</installed>
    <locked>false</locked>
    <installDate/>
    <removalDate/>
    <temporary>false</temporary>
    <public>true</public>
    <nbBikes>6</nbBikes>
    <nbEmptyDocks>5</nbEmptyDocks>
    <latestUpdateTime/>
  </station>
  <station>
    <id>7202</id>
    <name>City Hall</name>
    <terminalName/>
    <lastCommWithServer>1478026416000</lastCommWithServer>
    <lat>43.651667</lat>
    <long>-79.384167</long>
    <installed>true</installed>
    <locked>false</locked>
    <installDate/>
    <removalDate/>
    <temporary>false</temporary>
    <public>true</public>
    <nbBikes>15</nbBikes>
    <nbEmptyDocks>6</nbEmptyDocks>
    <latestUpdateTime/>
  </station>
  <station>
    <id>7203</id>
    <name>Harrison/Dovercourt</name>
    <terminalName/>
    <lastCommWithServer>1478026521000</lastCommWithServer>
    <lat>43.650978</lat>
    <long>-79.424557</long>
    <installed>true</installed>
    <locked>false</locked>
    <installDate/>
    <removalDate/>
    <temporary>false</temporary>
    <public>true</public>
    <nbBikes>5</nbBikes>
    <nbEmptyDocks>6</nbEmptyDocks>
    <latestUpdateTime/>
  </station>
  <station>
    <id>7204</id>
    <name>College/Crawford</name>
    <terminalName/>
    <lastCommWithServer>1478026378000</lastCommWithServer>
    <lat>43.655</lat>
    <long>-79.418889</long>
    <installed>true</installed>
    <locked>false</locked>
    <installDate/>
    <removalDate/>
    <temporary>false</temporary>
    <public>true</public>
    <nbBikes>10</nbBikes>
    <nbEmptyDocks>9</nbEmptyDocks>
    <latestUpdateTime/>
  </station>
  <station>
    <id>7205</id>
    <name>Rusholme Park/College</name>
    <terminalName/>
    <lastCommWithServer>1478026502000</lastCommWithServer>
    <lat>43.65277778</lat>
    <long>-79.42972222</long>
    <installed>true</installed>
    <locked>false</locked>
    <installDate/>
    <removalDate/>
    <temporary>false</temporary>
    <public>true</public>
    <nbBikes>2</nbBikes>
    <nbEmptyDocks>13</nbEmptyDocks>
    <latestUpdateTime/>
  </station>
  <station>
    <id>7206</id>
    <name>Claremont/Dundas</name>
    <terminalName/>
    <lastCommWithServer>1478026365000</lastCommWithServer>
    <lat>43.651667</lat>
    <long>-79.411667</long>
    <installed>true</installed>
    <locked>false</locked>
    <installDate/>
    <removalDate/>
    <temporary>false</temporary>
    <public>true</public>
    <nbBikes>1</nbBikes>
    <nbEmptyDocks>10</nbEmptyDocks>
    <latestUpdateTime/>
  </station>
  <station>
    <id>7207</id>
    <name>Dundas/Crawford</name>
    <terminalName/>
    <lastCommWithServer>1478026456000</lastCommWithServer>
    <lat>43.649722</lat>
    <long>-79.416944</long>
    <installed>true</installed>
    <locked>false</locked>
    <installDate/>
    <removalDate/>
    <temporary>false</temporary>
    <public>true</public>
    <nbBikes>4</nbBikes>
    <nbEmptyDocks>15</nbEmptyDocks>
    <latestUpdateTime/>
  </station>
  <station>
    <id>7208</id>
    <name>College/Clinton</name>
    <terminalName/>
    <lastCommWithServer>1478026397000</lastCommWithServer>
    <lat>43.656296</lat>
    <long>-79.414663</long>
    <installed>true</installed>
    <locked>false</locked>
    <installDate/>
    <removalDate/>
    <temporary>false</temporary>
    <public>true</public>
    <nbBikes>6</nbBikes>
    <nbEmptyDocks>4</nbEmptyDocks>
    <latestUpdateTime/>
  </station>
  <station>
    <id>7209</id>
    <name>Ossington/Harrison</name>
    <terminalName/>
    <lastCommWithServer>1478026526000</lastCommWithServer>
    <lat>43.651111111111106</lat>
    <long>-79.4213888888889</long>
    <installed>true</installed>
    <locked>false</locked>
    <installDate/>
    <removalDate/>
    <temporary>false</temporary>
    <public>true</public>
    <nbBikes>3</nbBikes>
    <nbEmptyDocks>16</nbEmptyDocks>
    <latestUpdateTime/>
  </station>
  <station>
    <id>7210</id>
    <name>Mary McCormick Rec Centre</name>
    <terminalName/>
    <lastCommWithServer>1478026607000</lastCommWithServer>
    <lat>43.6475</lat>
    <long>-79.43305555555555</long>
    <installed>true</installed>
    <locked>false</locked>
    <installDate/>
    <removalDate/>
    <temporary>false</temporary>
    <public>true</public>
    <nbBikes>1</nbBikes>
    <nbEmptyDocks>14</nbEmptyDocks>
    <latestUpdateTime/>
  </station>
  <station>
    <id>7211</id>
    <name>Fort York/Garrison</name>
    <terminalName/>
    <lastCommWithServer>1478026611000</lastCommWithServer>
    <lat>43.6375</lat>
    <long>-79.40611111111112</long>
    <installed>true</installed>
    <locked>false</locked>
    <installDate/>
    <removalDate/>
    <temporary>false</temporary>
    <public>true</public>
    <nbBikes>13</nbBikes>
    <nbEmptyDocks>2</nbEmptyDocks>
    <latestUpdateTime/>
  </station>
  <station>
    <id>7216</id>
    <name>Wellington Dog Park</name>
    <terminalName/>
    <lastCommWithServer>1478026422000</lastCommWithServer>
    <lat>43.641281</lat>
    <long>-79.409339</long>
    <installed>true</installed>
    <locked>false</locked>
    <installDate/>
    <removalDate/>
    <temporary>false</temporary>
    <public>true</public>
    <nbBikes>4</nbBikes>
    <nbEmptyDocks>19</nbEmptyDocks>
    <latestUpdateTime/>
  </station>
</stations>
